trip_id,1453,1455,1472,4287,4288,4289,4290,4292,4293,4294,4295,4296,4297,4298,4299,4310,4311,4313,4314,4315,4318,4319,4340,4341,4342,4344,4345,4347,4348,4349,4351,4355,4357,4358,9059
113306126237420000,05:10:28,,05:17:43,,05:14:58,05:14:21,05:15:28,,,,,,05:05:00,05:06:11,05:07:10,05:08:00,05:09:29,05:11:00,,,,05:18:15,,,05:13:42,,,05:11:56,,05:13:00,,,,,05:19:00
113306127237420000,05:47:28,,05:54:43,,05:51:58,05:51:21,05:52:28,,,,,,05:42:00,05:43:11,05:44:10,05:45:00,05:46:29,05:48:00,,,,05:55:15,,,05:50:42,,,05:48:56,,05:50:00,,,,,05:56:00
113306128237420000,06:05:28,,06:12:43,,06:09:58,06:09:21,06:10:28,,,,,,06:00:00,06:01:11,06:02:10,06:03:00,06:04:29,06:06:00,,,,06:13:15,,,06:08:42,,,06:06:56,,06:08:00,,,,,06:14:00
113306129237420000,06:20:28,,06:27:43,,06:24:58,06:24:21,06:25:28,,,,,,06:15:00,06:16:11,06:17:10,06:18:00,06:19:29,06:21:00,,,,06:28:15,,,06:23:42,,,06:21:56,,06:23:00,,,,,06:29:00
113306130237420000,06:36:17,,06:44:30,,06:41:18,06:40:35,06:41:52,,,,,,06:30:00,06:31:11,06:32:10,06:33:00,06:34:59,06:37:00,,,,06:45:08,,,06:39:49,,,06:37:56,,06:39:00,,,,,06:46:00
113306131237420000,06:50:17,,06:58:30,,06:55:18,06:54:35,06:55:52,,,,,,06:44:00,06:45:11,06:46:10,06:47:00,06:48:59,06:51:00,,,,06:59:08,,,06:53:49,,,06:51:56,,06:53:00,,,,,07:00:00
113306132237420000,07:02:17,,07:11:17,,07:07:38,07:06:48,07:08:17,,,,,,06:56:00,06:57:11,06:58:10,06:59:00,07:00:59,07:03:00,,,,07:12:00,,,07:05:56,,,07:03:56,,07:05:00,,,,,07:13:00
113306133237420000,07:13:17,,07:22:17,,07:18:38,07:17:48,07:19:17,,,,,,07:07:00,07:08:11,07:09:10,07:10:00,07:11:59,07:14:00,,,,07:23:00,,,07:16:56,,,07:14:56,,07:16:00,,,,,07:24:00
113306134237420000,07:25:17,,07:34:17,,07:30:38,07:29:48,07:31:17,,,,,,07:18:00,07:19:35,07:20:53,07:22:00,07:23:59,07:26:00,,,,07:35:00,,,07:28:56,,,07:26:56,,07:28:00,,,,,07:36:00
113306135237420000,07:37:17,,07:46:17,,07:42:38,07:41:48,07:43:17,,,,,,07:30:00,07:31:35,07:32:53,07:34:00,07:35:59,07:38:00,,,,07:47:00,,,07:40:56,,,07:38:56,,07:40:00,,,,,07:48:00
113306136237420000,07:49:17,,07:58:17,,07:54:38,07:53:48,07:55:17,,,,,,07:42:00,07:43:35,07:44:53,07:46:00,07:47:59,07:50:00,,,,07:59:00,,,07:52:56,,,07:50:56,,07:52:00,,,,,08:00:00
113306137237420000,08:01:17,,08:10:17,,08:06:38,08:05:48,08:07:17,,,,,,07:54:00,07:55:35,07:56:53,07:58:00,07:59:59,08:02:00,,,,08:11:00,,,08:04:56,,,08:02:56,,08:04:00,,,,,08:12:00
113306138237420000,08:14:17,,08:23:17,,08:19:38,08:18:48,08:20:17,,,,,,08:07:00,08:08:35,08:09:53,08:11:00,08:12:59,08:15:00,,,,08:24:00,,,08:17:56,,,08:15:56,,08:17:00,,,,,08:25:00
113306139237420000,08:27:17,,08:36:17,,08:32:38,08:31:48,08:33:17,,,,,,08:20:00,08:21:35,08:22:53,08:24:00,08:25:59,08:28:00,,,,08:37:00,,,08:30:56,,,08:28:56,,08:30:00,,,,,08:38:00
113306140237420000,08:40:17,,08:49:17,,08:45:38,08:44:48,08:46:17,,,,,,08:33:00,08:34:35,08:35:53,08:37:00,08:38:59,08:41:00,,,,08:50:00,,,08:43:56,,,08:41:56,,08:43:00,,,,,08:51:00
113306141237420000,08:52:17,,09:01:17,,08:57:38,08:56:48,08:58:17,,,,,,08:45:00,08:46:35,08:47:53,08:49:00,08:50:59,08:53:00,,,,09:02:00,,,08:55:56,,,08:53:56,,08:55:00,,,,,09:03:00
113306142237420000,09:05:17,,09:14:17,,09:10:38,09:09:48,09:11:17,,,,,,08:58:00,08:59:35,09:00:53,09:02:00,09:03:59,09:06:00,,,,09:15:00,,,09:08:56,,,09:06:56,,09:08:00,,,,,09:16:00
113306143237420000,09:18:17,,09:27:17,,09:23:38,09:22:48,09:24:17,,,,,,09:11:00,09:12:35,09:13:53,09:15:00,09:16:59,09:19:00,,,,09:28:00,,,09:21:56,,,09:19:56,,09:21:00,,,,,09:29:00
113306144237420000,09:30:17,,09:39:17,,09:35:38,09:34:48,09:36:17,,,,,,09:23:00,09:24:35,09:25:53,09:27:00,09:28:59,09:31:00,,,,09:40:00,,,09:33:56,,,09:31:56,,09:33:00,,,,,09:41:00
113306145237420000,09:42:17,,09:51:17,,09:47:38,09:46:48,09:48:17,,,,,,09:35:00,09:36:35,09:37:53,09:39:00,09:40:59,09:43:00,,,,09:52:00,,,09:45:56,,,09:43:56,,09:45:00,,,,,09:53:00
113306146237420000,09:54:17,,10:03:17,,09:59:38,09:58:48,10:00:17,,,,,,09:47:00,09:48:35,09:49:53,09:51:00,09:52:59,09:55:00,,,,10:04:00,,,09:57:56,,,09:55:56,,09:57:00,,,,,10:05:00
113306147237420000,10:07:17,,10:15:30,,10:12:18,10:11:35,10:12:52,,,,,,10:00:00,10:01:35,10:02:53,10:04:00,10:05:59,10:08:00,,,,10:16:08,,,10:10:49,,,10:08:56,,10:10:00,,,,,10:17:00
113306148237420000,10:21:17,,10:29:30,,10:26:18,10:25:35,10:26:52,,,,,,10:14:00,10:15:35,10:16:53,10:18:00,10:19:59,10:22:00,,,,10:30:08,,,10:24:49,,,10:22:56,,10:24:00,,,,,10:31:00
113306149237420000,10:36:17,,10:44:30,,10:41:18,10:40:35,10:41:52,,,,,,10:29:00,10:30:35,10:31:53,10:33:00,10:34:59,10:37:00,,,,10:45:08,,,10:39:49,,,10:37:56,,10:39:00,,,,,10:46:00
113306150237420000,10:51:17,,10:59:30,,10:56:18,10:55:35,10:56:52,,,,,,10:44:00,10:45:35,10:46:53,10:48:00,10:49:59,10:52:00,,,,11:00:08,,,10:54:49,,,10:52:56,,10:54:00,,,,,11:01:00
113306151237420000,11:06:17,,11:14:30,,11:11:18,11:10:35,11:11:52,,,,,,10:59:00,11:00:35,11:01:53,11:03:00,11:04:59,11:07:00,,,,11:15:08,,,11:09:49,,,11:07:56,,11:09:00,,,,,11:16:00
113306152237420000,11:21:17,,11:29:30,,11:26:18,11:25:35,11:26:52,,,,,,11:14:00,11:15:35,11:16:53,11:18:00,11:19:59,11:22:00,,,,11:30:08,,,11:24:49,,,11:22:56,,11:24:00,,,,,11:31:00
113306153237420000,11:36:17,,11:44:30,,11:41:18,11:40:35,11:41:52,,,,,,11:29:00,11:30:35,11:31:53,11:33:00,11:34:59,11:37:00,,,,11:45:08,,,11:39:49,,,11:37:56,,11:39:00,,,,,11:46:00
113306154237420000,11:51:17,,11:59:30,,11:56:18,11:55:35,11:56:52,,,,,,11:44:00,11:45:35,11:46:53,11:48:00,11:49:59,11:52:00,,,,12:00:08,,,11:54:49,,,11:52:56,,11:54:00,,,,,12:01:00
113306155237420000,12:06:17,,12:14:30,,12:11:18,12:10:35,12:11:52,,,,,,11:59:00,12:00:35,12:01:53,12:03:00,12:04:59,12:07:00,,,,12:15:08,,,12:09:49,,,12:07:56,,12:09:00,,,,,12:16:00
113306156237420000,12:21:17,,12:29:30,,12:26:18,12:25:35,12:26:52,,,,,,12:14:00,12:15:35,12:16:53,12:18:00,12:19:59,12:22:00,,,,12:30:08,,,12:24:49,,,12:22:56,,12:24:00,,,,,12:31:00
113306157237420000,12:36:17,,12:44:30,,12:41:18,12:40:35,12:41:52,,,,,,12:29:00,12:30:35,12:31:53,12:33:00,12:34:59,12:37:00,,,,12:45:08,,,12:39:49,,,12:37:56,,12:39:00,,,,,12:46:00
113306158237420000,12:51:17,,12:59:30,,12:56:18,12:55:35,12:56:52,,,,,,12:44:00,12:45:35,12:46:53,12:48:00,12:49:59,12:52:00,,,,13:00:08,,,12:54:49,,,12:52:56,,12:54:00,,,,,13:01:00
113306159237420000,13:06:17,,13:14:30,,13:11:18,13:10:35,13:11:52,,,,,,12:59:00,13:00:35,13:01:53,13:03:00,13:04:59,13:07:00,,,,13:15:08,,,13:09:49,,,13:07:56,,13:09:00,,,,,13:16:00
113306160237420000,13:21:17,,13:29:30,,13:26:18,13:25:35,13:26:52,,,,,,13:14:00,13:15:35,13:16:53,13:18:00,13:19:59,13:22:00,,,,13:30:08,,,13:24:49,,,13:22:56,,13:24:00,,,,,13:31:00
113306161237420000,13:36:17,,13:44:30,,13:41:18,13:40:35,13:41:52,,,,,,13:29:00,13:30:35,13:31:53,13:33:00,13:34:59,13:37:00,,,,13:45:08,,,13:39:49,,,13:37:56,,13:39:00,,,,,13:46:00
113306162237420000,13:51:17,,13:59:30,,13:56:18,13:55:35,13:56:52,,,,,,13:44:00,13:45:35,13:46:53,13:48:00,13:49:59,13:52:00,,,,14:00:08,,,13:54:49,,,13:52:56,,13:54:00,,,,,14:01:00
113306163237420000,14:06:17,,14:15:17,,14:11:38,14:10:48,14:12:17,,,,,,13:59:00,14:00:35,14:01:53,14:03:00,14:04:59,14:07:00,,,,14:16:00,,,14:09:56,,,14:07:56,,14:09:00,,,,,14:17:00
113306164237420000,14:21:17,,14:30:17,,14:26:38,14:25:48,14:27:17,,,,,,14:14:00,14:15:35,14:16:53,14:18:00,14:19:59,14:22:00,,,,14:31:00,,,14:24:56,,,14:22:56,,14:24:00,,,,,14:32:00
113306165237420000,14:36:17,,14:45:17,,14:41:38,14:40:48,14:42:17,,,,,,14:29:00,14:30:35,14:31:53,14:33:00,14:34:59,14:37:00,,,,14:46:00,,,14:39:56,,,14:37:56,,14:39:00,,,,,14:47:00
113306166237420000,15:00:17,,15:09:17,,15:05:38,15:04:48,15:06:17,,,,,,14:53:00,14:54:35,14:55:53,14:57:00,14:58:59,15:01:00,,,,15:10:00,,,15:03:56,,,15:01:56,,15:03:00,,,,,15:11:00
113306167237420000,15:12:17,,15:21:17,,15:17:38,15:16:48,15:18:17,,,,,,15:05:00,15:06:35,15:07:53,15:09:00,15:10:59,15:13:00,,,,15:22:00,,,15:15:56,,,15:13:56,,15:15:00,,,,,15:23:00
113306168237420000,15:24:17,,15:33:17,,15:29:38,15:28:48,15:30:17,,,,,,15:17:00,15:18:35,15:19:53,15:21:00,15:22:59,15:25:00,,,,15:34:00,,,15:27:56,,,15:25:56,,15:27:00,,,,,15:35:00
113306169237420000,15:36:17,,15:45:17,,15:41:38,15:40:48,15:42:17,,,,,,15:29:00,15:30:35,15:31:53,15:33:00,15:34:59,15:37:00,,,,15:46:00,,,15:39:56,,,15:37:56,,15:39:00,,,,,15:47:00
113306170237420000,15:47:17,,15:56:17,,15:52:38,15:51:48,15:53:17,,,,,,15:40:00,15:41:35,15:42:53,15:44:00,15:45:59,15:48:00,,,,15:57:00,,,15:50:56,,,15:48:56,,15:50:00,,,,,15:58:00
113306171237420000,15:59:17,,16:07:30,,16:04:18,16:03:35,16:04:52,,,,,,15:52:00,15:53:35,15:54:53,15:56:00,15:57:59,16:00:00,,,,16:08:08,,,16:02:49,,,16:00:56,,16:02:00,,,,,16:09:00
113306172237420000,16:11:17,,16:19:30,,16:16:18,16:15:35,16:16:52,,,,,,16:04:00,16:05:35,16:06:53,16:08:00,16:09:59,16:12:00,,,,16:20:08,,,16:14:49,,,16:12:56,,16:14:00,,,,,16:21:00
113306173237420000,16:23:17,,16:31:30,,16:28:18,16:27:35,16:28:52,,,,,,16:16:00,16:17:35,16:18:53,16:20:00,16:21:59,16:24:00,,,,16:32:08,,,16:26:49,,,16:24:56,,16:26:00,,,,,16:33:00
113306174237420000,16:35:17,,16:43:30,,16:40:18,16:39:35,16:40:52,,,,,,16:28:00,16:29:35,16:30:53,16:32:00,16:33:59,16:36:00,,,,16:44:08,,,16:38:49,,,16:36:56,,16:38:00,,,,,16:45:00
113306175237420000,16:47:17,,16:55:30,,16:52:18,16:51:35,16:52:52,,,,,,16:40:00,16:41:35,16:42:53,16:44:00,16:45:59,16:48:00,,,,16:56:08,,,16:50:49,,,16:48:56,,16:50:00,,,,,16:57:00
113306176237420000,16:59:17,,17:07:30,,17:04:18,17:03:35,17:04:52,,,,,,16:52:00,16:53:35,16:54:53,16:56:00,16:57:59,17:00:00,,,,17:08:08,,,17:02:49,,,17:00:56,,17:02:00,,,,,17:09:00
113306177237420000,17:11:17,,17:19:30,,17:16:18,17:15:35,17:16:52,,,,,,17:04:00,17:05:35,17:06:53,17:08:00,17:09:59,17:12:00,,,,17:20:08,,,17:14:49,,,17:12:56,,17:14:00,,,,,17:21:00
113306178237420000,17:23:17,,17:31:30,,17:28:18,17:27:35,17:28:52,,,,,,17:16:00,17:17:35,17:18:53,17:20:00,17:21:59,17:24:00,,,,17:32:08,,,17:26:49,,,17:24:56,,17:26:00,,,,,17:33:00
113306179237420000,17:35:17,,17:43:30,,17:40:18,17:39:35,17:40:52,,,,,,17:28:00,17:29:35,17:30:53,17:32:00,17:33:59,17:36:00,,,,17:44:08,,,17:38:49,,,17:36:56,,17:38:00,,,,,17:45:00
113306180237420000,17:47:17,,17:55:30,,17:52:18,17:51:35,17:52:52,,,,,,17:40:00,17:41:35,17:42:53,17:44:00,17:45:59,17:48:00,,,,17:56:08,,,17:50:49,,,17:48:56,,17:50:00,,,,,17:57:00
113306181237420000,17:59:17,,18:08:17,,18:04:38,18:03:48,18:05:17,,,,,,17:52:00,17:53:35,17:54:53,17:56:00,17:57:59,18:00:00,,,,18:09:00,,,18:02:56,,,18:00:56,,18:02:00,,,,,18:10:00
113306182237420000,18:11:17,,18:20:17,,18:16:38,18:15:48,18:17:17,,,,,,18:04:00,18:05:35,18:06:53,18:08:00,18:09:59,18:12:00,,,,18:21:00,,,18:14:56,,,18:12:56,,18:14:00,,,,,18:22:00
113306183237420000,18:23:17,,18:32:17,,18:28:38,18:27:48,18:29:17,,,,,,18:16:00,18:17:35,18:18:53,18:20:00,18:21:59,18:24:00,,,,18:33:00,,,18:26:56,,,18:24:56,,18:26:00,,,,,18:34:00
113306184237420000,18:35:17,,18:44:17,,18:40:38,18:39:48,18:41:17,,,,,,18:28:00,18:29:35,18:30:53,18:32:00,18:33:59,18:36:00,,,,18:45:00,,,18:38:56,,,18:36:56,,18:38:00,,,,,18:46:00
113306185237420000,18:47:17,,18:56:17,,18:52:38,18:51:48,18:53:17,,,,,,18:40:00,18:41:35,18:42:53,18:44:00,18:45:59,18:48:00,,,,18:57:00,,,18:50:56,,,18:48:56,,18:50:00,,,,,18:58:00
113306186237420000,19:00:17,,19:08:30,,19:05:18,19:04:35,19:05:52,,,,,,18:53:00,18:54:35,18:55:53,18:57:00,18:58:59,19:01:00,,,,19:09:08,,,19:03:49,,,19:01:56,,19:03:00,,,,,19:10:00
113306187237420000,19:16:17,,19:24:30,,19:21:18,19:20:35,19:21:52,,,,,,19:09:00,19:10:35,19:11:53,19:13:00,19:14:59,19:17:00,,,,19:25:08,,,19:19:49,,,19:17:56,,19:19:00,,,,,19:26:00
113306188237420000,19:35:17,,19:43:30,,19:40:18,19:39:35,19:40:52,,,,,,19:28:00,19:29:35,19:30:53,19:32:00,19:33:59,19:36:00,,,,19:44:08,,,19:38:49,,,19:36:56,,19:38:00,,,,,19:45:00
113306189237420000,19:55:17,,20:03:30,,20:00:18,19:59:35,20:00:52,,,,,,19:48:00,19:49:35,19:50:53,19:52:00,19:53:59,19:56:00,,,,20:04:08,,,19:58:49,,,19:56:56,,19:58:00,,,,,20:05:00
113306190237420000,20:14:28,,20:21:43,,20:18:58,20:18:21,20:19:28,,,,,,20:08:00,20:09:35,20:10:53,20:12:00,20:13:29,20:15:00,,,,20:22:15,,,20:17:42,,,20:15:56,,20:17:00,,,,,20:23:00
113306191237420000,20:34:28,,20:41:43,,20:38:58,20:38:21,20:39:28,,,,,,20:28:00,20:29:35,20:30:53,20:32:00,20:33:29,20:35:00,,,,20:42:15,,,20:37:42,,,20:35:56,,20:37:00,,,,,20:43:00
113306192237420000,20:53:28,,21:00:43,,20:57:58,20:57:21,20:58:28,,,,,,20:48:00,20:49:11,20:50:10,20:51:00,20:52:29,20:54:00,,,,21:01:15,,,20:56:42,,,20:54:56,,20:56:00,,,,,21:02:00
113306193237420000,21:13:28,,21:20:43,,21:17:58,21:17:21,21:18:28,,,,,,21:08:00,21:09:11,21:10:10,21:11:00,21:12:29,21:14:00,,,,21:21:15,,,21:16:42,,,21:14:56,,21:16:00,,,,,21:22:00
113306194237420000,21:33:28,,21:40:43,,21:37:58,21:37:21,21:38:28,,,,,,21:28:00,21:29:11,21:30:10,21:31:00,21:32:29,21:34:00,,,,21:41:15,,,21:36:42,,,21:34:56,,21:36:00,,,,,21:42:00
113306195237420000,21:53:28,,22:00:43,,21:57:58,21:57:21,21:58:28,,,,,,21:48:00,21:49:11,21:50:10,21:51:00,21:52:29,21:54:00,,,,22:01:15,,,21:56:42,,,21:54:56,,21:56:00,,,,,22:02:00
113306196237420000,22:13:28,,22:20:43,,22:17:58,22:17:21,22:18:28,,,,,,22:08:00,22:09:11,22:10:10,22:11:00,22:12:29,22:14:00,,,,22:21:15,,,22:16:42,,,22:14:56,,22:16:00,,,,,22:22:00
113306197237420000,22:32:28,,22:39:43,,22:36:58,22:36:21,22:37:28,,,,,,22:27:00,22:28:11,22:29:10,22:30:00,22:31:29,22:33:00,,,,22:40:15,,,22:35:42,,,22:33:56,,22:35:00,,,,,22:41:00
113306198237420000,22:52:28,,22:59:43,,22:56:58,22:56:21,22:57:28,,,,,,22:47:00,22:48:11,22:49:10,22:50:00,22:51:29,22:53:00,,,,23:00:15,,,22:55:42,,,22:53:56,,22:55:00,,,,,23:01:00
113306199237420000,23:12:28,,23:19:43,,23:16:58,23:16:21,23:17:28,,,,,,23:07:00,23:08:11,23:09:10,23:10:00,23:11:29,23:13:00,,,,23:20:15,,,23:15:42,,,23:13:56,,23:15:00,,,,,23:21:00
113306200237420000,23:32:28,,23:39:43,,23:36:58,23:36:21,23:37:28,,,,,,23:27:00,23:28:11,23:29:10,23:30:00,23:31:29,23:33:00,,,,23:40:15,,,23:35:42,,,23:33:56,,23:35:00,,,,,23:41:00
113306201237420000,23:52:28,,23:59:43,,23:56:58,23:56:21,23:57:28,,,,,,23:47:00,23:48:11,23:49:10,23:50:00,23:51:29,23:53:00,,,,24:00:15,,,23:55:42,,,23:53:56,,23:55:00,,,,,24:01:00
113306202237420000,24:12:28,,24:19:43,,24:16:58,24:16:21,24:17:28,,,,,,24:07:00,24:08:11,24:09:10,24:10:00,24:11:29,24:13:00,,,,24:20:15,,,24:15:42,,,24:13:56,,24:15:00,,,,,24:21:00
113306203237420000,24:33:28,,24:40:43,,24:37:58,24:37:21,24:38:28,,,,,,24:28:00,24:29:11,24:30:10,24:31:00,24:32:29,24:34:00,,,,24:41:15,,,24:36:42,,,24:34:56,,24:36:00,,,,,24:42:00
113306204237420000,,05:32:42,,05:26:43,,,,05:27:17,05:35:49,05:36:24,05:37:31,05:38:32,05:40:00,,,,,,,,,,,05:28:14,,,,,05:30:35,,05:29:00,05:32:00,05:33:32,05:35:00,05:26:00
113306205237420000,,06:09:42,,06:03:43,,,,06:04:17,06:12:49,06:13:24,06:14:31,06:15:32,06:17:00,,,,,,,,,,,06:05:14,,,,,06:07:35,,06:06:00,06:09:00,06:10:32,06:12:00,06:03:00
113306206237420000,,06:34:57,,06:28:43,,,,06:29:17,06:38:59,06:39:41,06:41:01,06:42:15,06:44:00,,,,,,,,,,,06:30:14,,,,,06:32:35,,06:31:00,06:34:00,06:36:03,06:38:00,06:28:00
113306207237420000,,06:49:57,,06:42:58,,,,06:43:42,06:53:59,06:54:41,06:56:01,06:57:15,06:59:00,,,,,,,,,,,06:44:59,,,,,06:47:35,,06:46:00,06:49:00,06:51:03,06:53:00,06:42:00
113306208237420000,,07:02:57,,06:55:58,,,,06:56:42,07:06:59,07:07:41,07:09:01,07:10:15,07:12:00,,,,,,,,,,,06:57:59,,,,,07:00:35,,06:59:00,07:02:00,07:04:03,07:06:00,06:55:00
113306209237420000,,07:14:57,,07:07:58,,,,07:08:42,07:18:59,07:19:41,07:21:01,07:22:15,07:24:00,,,,,,,,,,,07:09:59,,,,,07:12:35,,07:11:00,07:14:00,07:16:03,07:18:00,07:07:00
113306210237420000,,07:26:57,,07:19:58,,,,07:20:42,07:30:59,07:31:41,07:33:01,07:34:15,07:36:00,,,,,,,,,,,07:21:59,,,,,07:24:35,,07:23:00,07:26:00,07:28:03,07:30:00,07:19:00
113306211237420000,,07:38:57,,07:31:58,,,,07:32:42,07:42:59,07:43:41,07:45:01,07:46:15,07:48:00,,,,,,,,,,,07:33:59,,,,,07:36:35,,07:35:00,07:38:00,07:40:03,07:42:00,07:31:00
113306212237420000,,07:51:57,,07:44:58,,,,07:45:42,07:55:59,07:56:41,07:58:01,07:59:15,08:01:00,,,,,,,,,,,07:46:59,,,,,07:49:35,,07:48:00,07:51:00,07:53:03,07:55:00,07:44:00
113306213237420000,,08:03:57,,07:55:26,,,,07:56:33,08:08:08,08:08:58,08:10:31,08:11:57,08:14:00,,,,,,,,,,,07:58:28,,,,,08:01:35,,08:00:00,08:03:00,08:05:03,08:07:00,07:54:00
113306214237420000,,08:16:57,,08:07:41,,,,08:08:59,08:21:08,08:21:58,08:23:31,08:24:57,08:27:00,,,,,,,,,,,08:11:13,,,,,08:14:35,,08:13:00,08:16:00,08:18:03,08:20:00,08:06:00
113306215237420000,,08:28:57,,08:19:41,,,,08:20:59,08:33:08,08:33:58,08:35:31,08:36:57,08:39:00,,,,,,,,,,,08:23:13,,,,,08:26:35,,08:25:00,08:28:00,08:30:03,08:32:00,08:18:00
113306216237420000,,08:41:57,,08:32:41,,,,08:33:59,08:46:08,08:46:58,08:48:31,08:49:57,08:52:00,,,,,,,,,,,08:36:13,,,,,08:39:35,,08:38:00,08:41:00,08:43:03,08:45:00,08:31:00
113306217237420000,,08:54:57,,08:45:41,,,,08:46:59,08:59:08,08:59:58,09:01:31,09:02:57,09:05:00,,,,,,,,,,,08:49:13,,,,,08:52:35,,08:51:00,08:54:00,08:56:03,08:58:00,08:44:00
113306218237420000,,09:07:57,,08:58:41,,,,08:59:59,09:11:59,09:12:41,09:14:01,09:15:15,09:17:00,,,,,,,,,,,09:02:13,,,,,09:05:35,,09:04:00,09:07:00,09:09:03,09:11:00,08:57:00
113306219237420000,,09:19:57,,09:11:26,,,,09:12:33,09:23:59,09:24:41,09:26:01,09:27:15,09:29:00,,,,,,,,,,,09:14:28,,,,,09:17:35,,09:16:00,09:19:00,09:21:03,09:23:00,09:10:00
113306220237420000,,09:31:57,,09:24:12,,,,09:25:08,09:35:59,09:36:41,09:38:01,09:39:15,09:41:00,,,,,,,,,,,09:26:44,,,,,09:29:35,,09:28:00,09:31:00,09:33:03,09:35:00,09:23:00
113306221237420000,,09:43:57,,09:36:58,,,,09:37:42,09:47:59,09:48:41,09:50:01,09:51:15,09:53:00,,,,,,,,,,,09:38:59,,,,,09:41:35,,09:40:00,09:43:00,09:45:03,09:47:00,09:36:00
113306222237420000,,09:54:57,,09:47:58,,,,09:48:42,09:58:59,09:59:41,10:01:01,10:02:15,10:04:00,,,,,,,,,,,09:49:59,,,,,09:52:35,,09:51:00,09:54:00,09:56:03,09:58:00,09:47:00
113306223237420000,,10:06:57,,09:59:58,,,,10:00:42,10:10:59,10:11:41,10:13:01,10:14:15,10:16:00,,,,,,,,,,,10:01:59,,,,,10:04:35,,10:03:00,10:06:00,10:08:03,10:10:00,09:59:00
113306224237420000,,10:18:57,,10:11:58,,,,10:12:42,10:22:59,10:23:41,10:25:01,10:26:15,10:28:00,,,,,,,,,,,10:13:59,,,,,10:16:35,,10:15:00,10:18:00,10:20:03,10:22:00,10:11:00
113306225237420000,,10:44:57,,10:37:58,,,,10:38:42,10:48:59,10:49:41,10:51:01,10:52:15,10:54:00,,,,,,,,,,,10:39:59,,,,,10:42:35,,10:41:00,10:44:00,10:46:03,10:48:00,10:37:00
113306226237420000,,10:59:57,,10:52:58,,,,10:53:42,11:03:59,11:04:41,11:06:01,11:07:15,11:09:00,,,,,,,,,,,10:54:59,,,,,10:57:35,,10:56:00,10:59:00,11:01:03,11:03:00,10:52:00
113306227237420000,,11:14:57,,11:07:58,,,,11:08:42,11:18:59,11:19:41,11:21:01,11:22:15,11:24:00,,,,,,,,,,,11:09:59,,,,,11:12:35,,11:11:00,11:14:00,11:16:03,11:18:00,11:07:00
113306228237420000,,11:29:57,,11:22:58,,,,11:23:42,11:33:59,11:34:41,11:36:01,11:37:15,11:39:00,,,,,,,,,,,11:24:59,,,,,11:27:35,,11:26:00,11:29:00,11:31:03,11:33:00,11:22:00
113306229237420000,,11:44:57,,11:37:58,,,,11:38:42,11:48:59,11:49:41,11:51:01,11:52:15,11:54:00,,,,,,,,,,,11:39:59,,,,,11:42:35,,11:41:00,11:44:00,11:46:03,11:48:00,11:37:00
113306230237420000,,11:59:57,,11:52:58,,,,11:53:42,12:03:59,12:04:41,12:06:01,12:07:15,12:09:00,,,,,,,,,,,11:54:59,,,,,11:57:35,,11:56:00,11:59:00,12:01:03,12:03:00,11:52:00
113306231237420000,,12:14:57,,12:07:58,,,,12:08:42,12:18:59,12:19:41,12:21:01,12:22:15,12:24:00,,,,,,,,,,,12:09:59,,,,,12:12:35,,12:11:00,12:14:00,12:16:03,12:18:00,12:07:00
113306232237420000,,12:29:57,,12:22:58,,,,12:23:42,12:33:59,12:34:41,12:36:01,12:37:15,12:39:00,,,,,,,,,,,12:24:59,,,,,12:27:35,,12:26:00,12:29:00,12:31:03,12:33:00,12:22:00
113306233237420000,,12:44:57,,12:37:58,,,,12:38:42,12:48:59,12:49:41,12:51:01,12:52:15,12:54:00,,,,,,,,,,,12:39:59,,,,,12:42:35,,12:41:00,12:44:00,12:46:03,12:48:00,12:37:00
113306234237420000,,12:59:57,,12:52:58,,,,12:53:42,13:03:59,13:04:41,13:06:01,13:07:15,13:09:00,,,,,,,,,,,12:54:59,,,,,12:57:35,,12:56:00,12:59:00,13:01:03,13:03:00,12:52:00
113306235237420000,,13:14:57,,13:07:58,,,,13:08:42,13:18:59,13:19:41,13:21:01,13:22:15,13:24:00,,,,,,,,,,,13:09:59,,,,,13:12:35,,13:11:00,13:14:00,13:16:03,13:18:00,13:07:00
113306236237420000,,13:29:57,,13:22:58,,,,13:23:42,13:33:59,13:34:41,13:36:01,13:37:15,13:39:00,,,,,,,,,,,13:24:59,,,,,13:27:35,,13:26:00,13:29:00,13:31:03,13:33:00,13:22:00
113306237237420000,,13:44:57,,13:37:58,,,,13:38:42,13:48:59,13:49:41,13:51:01,13:52:15,13:54:00,,,,,,,,,,,13:39:59,,,,,13:42:35,,13:41:00,13:44:00,13:46:03,13:48:00,13:37:00
113306238237420000,,13:59:57,,13:52:58,,,,13:53:42,14:03:59,14:04:41,14:06:01,14:07:15,14:09:00,,,,,,,,,,,13:54:59,,,,,13:57:35,,13:56:00,13:59:00,14:01:03,14:03:00,13:52:00
113306239237420000,,14:14:57,,14:07:58,,,,14:08:42,14:18:59,14:19:41,14:21:01,14:22:15,14:24:00,,,,,,,,,,,14:09:59,,,,,14:12:35,,14:11:00,14:14:00,14:16:03,14:18:00,14:07:00
113306240237420000,,14:30:57,,14:23:58,,,,14:24:42,14:34:59,14:35:41,14:37:01,14:38:15,14:40:00,,,,,,,,,,,14:25:59,,,,,14:28:35,,14:27:00,14:30:00,14:32:03,14:34:00,14:23:00
113306241237420000,,14:45:57,,14:38:58,,,,14:39:42,14:49:59,14:50:41,14:52:01,14:53:15,14:55:00,,,,,,,,,,,14:40:59,,,,,14:43:35,,14:42:00,14:45:00,14:47:03,14:49:00,14:38:00
113306242237420000,,15:00:57,,14:53:58,,,,14:54:42,15:04:59,15:05:41,15:07:01,15:08:15,15:10:00,,,,,,,,,,,14:55:59,,,,,14:58:35,,14:57:00,15:00:00,15:02:03,15:04:00,14:53:00
113306243237420000,,15:13:57,,15:06:12,,,,15:07:08,15:17:59,15:18:41,15:20:01,15:21:15,15:23:00,,,,,,,,,,,15:08:44,,,,,15:11:35,,15:10:00,15:13:00,15:15:03,15:17:00,15:05:00
113306244237420000,,15:25:57,,15:18:12,,,,15:19:08,15:29:59,15:30:41,15:32:01,15:33:15,15:35:00,,,,,,,,,,,15:20:44,,,,,15:23:35,,15:22:00,15:25:00,15:27:03,15:29:00,15:17:00
113306245237420000,,15:37:57,,15:30:12,,,,15:31:08,15:41:59,15:42:41,15:44:01,15:45:15,15:47:00,,,,,,,,,,,15:32:44,,,,,15:35:35,,15:34:00,15:37:00,15:39:03,15:41:00,15:29:00
113306246237420000,,15:49:57,,15:42:12,,,,15:43:08,15:53:59,15:54:41,15:56:01,15:57:15,15:59:00,,,,,,,,,,,15:44:44,,,,,15:47:35,,15:46:00,15:49:00,15:51:03,15:53:00,15:41:00
113306247237420000,,16:01:57,,15:54:12,,,,15:55:08,16:05:59,16:06:41,16:08:01,16:09:15,16:11:00,,,,,,,,,,,15:56:44,,,,,15:59:35,,15:58:00,16:01:00,16:03:03,16:05:00,15:53:00
113306248237420000,,16:13:57,,16:06:12,,,,16:07:08,16:17:59,16:18:41,16:20:01,16:21:15,16:23:00,,,,,,,,,,,16:08:44,,,,,16:11:35,,16:10:00,16:13:00,16:15:03,16:17:00,16:05:00
113306249237420000,,16:25:57,,16:18:12,,,,16:19:08,16:29:59,16:30:41,16:32:01,16:33:15,16:35:00,,,,,,,,,,,16:20:44,,,,,16:23:35,,16:22:00,16:25:00,16:27:03,16:29:00,16:17:00
113306250237420000,,16:37:57,,16:30:12,,,,16:31:08,16:41:59,16:42:41,16:44:01,16:45:15,16:47:00,,,,,,,,,,,16:32:44,,,,,16:35:35,,16:34:00,16:37:00,16:39:03,16:41:00,16:29:00
113306251237420000,,16:49:57,,16:42:12,,,,16:43:08,16:53:59,16:54:41,16:56:01,16:57:15,16:59:00,,,,,,,,,,,16:44:44,,,,,16:47:35,,16:46:00,16:49:00,16:51:03,16:53:00,16:41:00
113306252237420000,,17:02:57,,16:55:12,,,,16:56:08,17:06:49,17:07:24,17:08:31,17:09:32,17:11:00,,,,,,,,,,,16:57:44,,,,,17:00:35,,16:59:00,17:02:00,17:04:03,17:06:00,16:54:00
113306253237420000,,17:14:57,,17:06:26,,,,17:07:33,17:18:49,17:19:24,17:20:31,17:21:32,17:23:00,,,,,,,,,,,17:09:28,,,,,17:12:35,,17:11:00,17:14:00,17:16:03,17:18:00,17:05:00
113306254237420000,,17:26:57,,17:18:26,,,,17:19:33,17:30:49,17:31:24,17:32:31,17:33:32,17:35:00,,,,,,,,,,,17:21:28,,,,,17:24:35,,17:23:00,17:26:00,17:28:03,17:30:00,17:17:00
113306255237420000,,17:38:57,,17:30:26,,,,17:31:33,17:42:49,17:43:24,17:44:31,17:45:32,17:47:00,,,,,,,,,,,17:33:28,,,,,17:36:35,,17:35:00,17:38:00,17:40:03,17:42:00,17:29:00
113306256237420000,,17:50:57,,17:42:26,,,,17:43:33,17:54:49,17:55:24,17:56:31,17:57:32,17:59:00,,,,,,,,,,,17:45:28,,,,,17:48:35,,17:47:00,17:50:00,17:52:03,17:54:00,17:41:00
113306257237420000,,18:01:57,,17:53:26,,,,17:54:33,18:05:59,18:06:41,18:08:01,18:09:15,18:11:00,,,,,,,,,,,17:56:28,,,,,17:59:35,,17:58:00,18:01:00,18:03:03,18:05:00,17:52:00
113306258237420000,,18:13:57,,18:06:12,,,,18:07:08,18:17:59,18:18:41,18:20:01,18:21:15,18:23:00,,,,,,,,,,,18:08:44,,,,,18:11:35,,18:10:00,18:13:00,18:15:03,18:17:00,18:05:00
113306259237420000,,18:25:57,,18:18:12,,,,18:19:08,18:29:59,18:30:41,18:32:01,18:33:15,18:35:00,,,,,,,,,,,18:20:44,,,,,18:23:35,,18:22:00,18:25:00,18:27:03,18:29:00,18:17:00
113306260237420000,,18:38:42,,18:31:12,,,,18:32:08,18:41:59,18:42:41,18:44:01,18:45:15,18:47:00,,,,,,,,,,,18:33:44,,,,,18:36:35,,18:35:00,18:38:00,18:39:32,18:41:00,18:30:00
113306261237420000,,18:50:42,,18:43:12,,,,18:44:08,18:53:59,18:54:41,18:56:01,18:57:15,18:59:00,,,,,,,,,,,18:45:44,,,,,18:48:35,,18:47:00,18:50:00,18:51:32,18:53:00,18:42:00
113306262237420000,,19:02:42,,18:55:12,,,,18:56:08,19:05:59,19:06:41,19:08:01,19:09:15,19:11:00,,,,,,,,,,,18:57:44,,,,,19:00:35,,18:59:00,19:02:00,19:03:32,19:05:00,18:54:00
113306263237420000,,19:14:42,,19:07:58,,,,19:08:42,19:17:59,19:18:41,19:20:01,19:21:15,19:23:00,,,,,,,,,,,19:09:59,,,,,19:12:35,,19:11:00,19:14:00,19:15:32,19:17:00,19:07:00
113306264237420000,,19:33:42,,19:26:58,,,,19:27:42,19:36:59,19:37:41,19:39:01,19:40:15,19:42:00,,,,,,,,,,,19:28:59,,,,,19:31:35,,19:30:00,19:33:00,19:34:32,19:36:00,19:26:00
113306265237420000,,19:53:42,,19:46:58,,,,19:47:42,19:56:59,19:57:41,19:59:01,20:00:15,20:02:00,,,,,,,,,,,19:48:59,,,,,19:51:35,,19:50:00,19:53:00,19:54:32,19:56:00,19:46:00
113306266237420000,,20:14:42,,20:07:58,,,,20:08:42,20:17:49,20:18:24,20:19:31,20:20:32,20:22:00,,,,,,,,,,,20:09:59,,,,,20:12:35,,20:11:00,20:14:00,20:15:32,20:17:00,20:07:00
113306267237420000,,20:34:42,,20:27:58,,,,20:28:42,20:37:49,20:38:24,20:39:31,20:40:32,20:42:00,,,,,,,,,,,20:29:59,,,,,20:32:35,,20:31:00,20:34:00,20:35:32,20:37:00,20:27:00
113306268237420000,,20:54:42,,20:47:58,,,,20:48:42,20:57:49,20:58:24,20:59:31,21:00:32,21:02:00,,,,,,,,,,,20:49:59,,,,,20:52:35,,20:51:00,20:54:00,20:55:32,20:57:00,20:47:00
113306269237420000,,21:14:42,,21:08:43,,,,21:09:17,21:17:49,21:18:24,21:19:31,21:20:32,21:22:00,,,,,,,,,,,21:10:14,,,,,21:12:35,,21:11:00,21:14:00,21:15:32,21:17:00,21:08:00
113306270237420000,,21:34:42,,21:28:43,,,,21:29:17,21:37:49,21:38:24,21:39:31,21:40:32,21:42:00,,,,,,,,,,,21:30:14,,,,,21:32:35,,21:31:00,21:34:00,21:35:32,21:37:00,21:28:00
113306271237420000,,21:54:42,,21:48:43,,,,21:49:17,21:57:49,21:58:24,21:59:31,22:00:32,22:02:00,,,,,,,,,,,21:50:14,,,,,21:52:35,,21:51:00,21:54:00,21:55:32,21:57:00,21:48:00
113306272237420000,,22:14:42,,22:08:43,,,,22:09:17,22:17:49,22:18:24,22:19:31,22:20:32,22:22:00,,,,,,,,,,,22:10:14,,,,,22:12:35,,22:11:00,22:14:00,22:15:32,22:17:00,22:08:00
113306273237420000,,22:34:42,,22:28:43,,,,22:29:17,22:37:49,22:38:24,22:39:31,22:40:32,22:42:00,,,,,,,,,,,22:30:14,,,,,22:32:35,,22:31:00,22:34:00,22:35:32,22:37:00,22:28:00
113306274237420000,,22:44:42,,22:38:43,,,,22:39:17,22:47:49,22:48:24,22:49:31,22:50:32,22:52:00,,,,,,,,,,,22:40:14,,,,,22:42:35,,22:41:00,22:44:00,22:45:32,22:47:00,22:38:00
113306275237420000,,22:54:42,,22:48:43,,,,22:49:17,22:57:49,22:58:24,22:59:31,23:00:32,23:02:00,,,,,,,,,,,22:50:14,,,,,22:52:35,,22:51:00,22:54:00,22:55:32,22:57:00,22:48:00
113306276237420000,,23:14:42,,23:08:43,,,,23:09:17,23:17:49,23:18:24,23:19:31,23:20:32,23:22:00,,,,,,,,,,,23:10:14,,,,,23:12:35,,23:11:00,23:14:00,23:15:32,23:17:00,23:08:00
113306277237420000,,23:34:42,,23:28:43,,,,23:29:17,23:37:49,23:38:24,23:39:31,23:40:32,23:42:00,,,,,,,,,,,23:30:14,,,,,23:32:35,,23:31:00,23:34:00,23:35:32,23:37:00,23:28:00
113306278237420000,,23:54:42,,23:48:43,,,,23:49:17,23:57:49,23:58:24,23:59:31,24:00:32,24:02:00,,,,,,,,,,,23:50:14,,,,,23:52:35,,23:51:00,23:54:00,23:55:32,23:57:00,23:48:00
113306279237420000,,24:14:42,,24:08:43,,,,24:09:17,24:17:49,24:18:24,24:19:31,24:20:32,24:22:00,,,,,,,,,,,24:10:14,,,,,24:12:35,,24:11:00,24:14:00,24:15:32,24:17:00,24:08:00
113306280237420000,,24:35:42,,24:29:43,,,,24:30:17,24:38:49,24:39:24,24:40:31,24:41:32,24:43:00,,,,,,,,,,,24:31:14,,,,,24:33:35,,24:32:00,24:35:00,24:36:32,24:38:00,24:29:00
113306281237420000,,24:55:42,,24:49:43,,,,24:50:17,24:58:49,24:59:24,25:00:31,25:01:32,25:03:00,,,,,,,,,,,24:51:14,,,,,24:53:35,,24:52:00,24:55:00,24:56:32,24:58:00,24:49:00
113306282237420000,,10:30:57,,10:23:58,,,,10:24:42,10:34:59,10:35:41,10:37:01,10:38:15,10:40:00,,,,,,,,,,,10:25:59,,,,,10:28:35,,10:27:00,10:30:00,10:32:03,10:34:00,10:23:00
113306283237420000,14:48:17,,14:57:17,,14:53:38,14:52:48,14:54:17,,,,,,14:41:00,14:42:35,14:43:53,14:45:00,14:46:59,14:49:00,,,,14:58:00,,,14:51:56,,,14:49:56,,14:51:00,,,,,14:59:00
113306372237422500,07:05:28,,07:13:30,,07:10:18,07:09:35,07:10:52,,,,,,07:00:00,07:01:11,07:02:10,07:03:00,07:04:29,07:06:00,,,,07:14:08,,,07:08:49,,,07:06:56,,07:08:00,,,,,07:15:00
113306373237422500,07:26:28,,07:34:30,,07:31:18,07:30:35,07:31:52,,,,,,07:21:00,07:22:11,07:23:10,07:24:00,07:25:29,07:27:00,,,,07:35:08,,,07:29:49,,,07:27:56,,07:29:00,,,,,07:36:00
113306374237422500,08:05:28,,08:13:30,,08:10:18,08:09:35,08:10:52,,,,,,08:00:00,08:01:11,08:02:10,08:03:00,08:04:29,08:06:00,,,,08:14:08,,,08:08:49,,,08:06:56,,08:08:00,,,,,08:15:00
113306375237422500,08:25:28,,08:33:30,,08:30:18,08:29:35,08:30:52,,,,,,08:20:00,08:21:11,08:22:10,08:23:00,08:24:29,08:26:00,,,,08:34:08,,,08:28:49,,,08:26:56,,08:28:00,,,,,08:35:00
113306376237422500,08:45:28,,08:53:30,,08:50:18,08:49:35,08:50:52,,,,,,08:40:00,08:41:11,08:42:10,08:43:00,08:44:29,08:46:00,,,,08:54:08,,,08:48:49,,,08:46:56,,08:48:00,,,,,08:55:00
113306377237422500,09:06:17,,09:14:30,,09:11:18,09:10:35,09:11:52,,,,,,09:00:00,09:01:11,09:02:10,09:03:00,09:04:59,09:07:00,,,,09:15:08,,,09:09:49,,,09:07:56,,09:09:00,,,,,09:16:00
113306378237422500,09:26:17,,09:34:30,,09:31:18,09:30:35,09:31:52,,,,,,09:20:00,09:21:11,09:22:10,09:23:00,09:24:59,09:27:00,,,,09:35:08,,,09:29:49,,,09:27:56,,09:29:00,,,,,09:36:00
113306379237422500,09:46:17,,09:54:30,,09:51:18,09:50:35,09:51:52,,,,,,09:40:00,09:41:11,09:42:10,09:43:00,09:44:59,09:47:00,,,,09:55:08,,,09:49:49,,,09:47:56,,09:49:00,,,,,09:56:00
113306380237422500,10:06:17,,10:15:17,,10:11:38,10:10:48,10:12:17,,,,,,10:00:00,10:01:11,10:02:10,10:03:00,10:04:59,10:07:00,,,,10:16:00,,,10:09:56,,,10:07:56,,10:09:00,,,,,10:17:00
113306381237422500,10:26:17,,10:35:17,,10:31:38,10:30:48,10:32:17,,,,,,10:20:00,10:21:11,10:22:10,10:23:00,10:24:59,10:27:00,,,,10:36:00,,,10:29:56,,,10:27:56,,10:29:00,,,,,10:37:00
113306382237422500,10:46:17,,10:55:17,,10:51:38,10:50:48,10:52:17,,,,,,10:40:00,10:41:11,10:42:10,10:43:00,10:44:59,10:47:00,,,,10:56:00,,,10:49:56,,,10:47:56,,10:49:00,,,,,10:57:00
113306383237422500,11:06:17,,11:15:17,,11:11:38,11:10:48,11:12:17,,,,,,11:00:00,11:01:11,11:02:10,11:03:00,11:04:59,11:07:00,,,,11:16:00,,,11:09:56,,,11:07:56,,11:09:00,,,,,11:17:00
113306384237422500,11:27:17,,11:36:17,,11:32:38,11:31:48,11:33:17,,,,,,11:21:00,11:22:11,11:23:10,11:24:00,11:25:59,11:28:00,,,,11:37:00,,,11:30:56,,,11:28:56,,11:30:00,,,,,11:38:00
113306385237422500,11:47:17,,11:56:17,,11:52:38,11:51:48,11:53:17,,,,,,11:41:00,11:42:11,11:43:10,11:44:00,11:45:59,11:48:00,,,,11:57:00,,,11:50:56,,,11:48:56,,11:50:00,,,,,11:58:00
113306386237422500,12:07:17,,12:16:17,,12:12:38,12:11:48,12:13:17,,,,,,12:01:00,12:02:11,12:03:10,12:04:00,12:05:59,12:08:00,,,,12:17:00,,,12:10:56,,,12:08:56,,12:10:00,,,,,12:18:00
113306387237422500,12:26:17,,12:35:17,,12:31:38,12:30:48,12:32:17,,,,,,12:20:00,12:21:11,12:22:10,12:23:00,12:24:59,12:27:00,,,,12:36:00,,,12:29:56,,,12:27:56,,12:29:00,,,,,12:37:00
113306388237422500,13:06:17,,13:15:17,,13:11:38,13:10:48,13:12:17,,,,,,13:00:00,13:01:11,13:02:10,13:03:00,13:04:59,13:07:00,,,,13:16:00,,,13:09:56,,,13:07:56,,13:09:00,,,,,13:17:00
113306389237422500,13:23:17,,13:32:17,,13:28:38,13:27:48,13:29:17,,,,,,13:17:00,13:18:11,13:19:10,13:20:00,13:21:59,13:24:00,,,,13:33:00,,,13:26:56,,,13:24:56,,13:26:00,,,,,13:34:00
113306390237422500,13:38:17,,13:47:17,,13:43:38,13:42:48,13:44:17,,,,,,13:32:00,13:33:11,13:34:10,13:35:00,13:36:59,13:39:00,,,,13:48:00,,,13:41:56,,,13:39:56,,13:41:00,,,,,13:49:00
113306391237422500,13:53:17,,14:02:17,,13:58:38,13:57:48,13:59:17,,,,,,13:47:00,13:48:11,13:49:10,13:50:00,13:51:59,13:54:00,,,,14:03:00,,,13:56:56,,,13:54:56,,13:56:00,,,,,14:04:00
113306392237422500,14:08:17,,14:17:17,,14:13:38,14:12:48,14:14:17,,,,,,14:02:00,14:03:11,14:04:10,14:05:00,14:06:59,14:09:00,,,,14:18:00,,,14:11:56,,,14:09:56,,14:11:00,,,,,14:19:00
113306393237422500,14:23:17,,14:32:17,,14:28:38,14:27:48,14:29:17,,,,,,14:17:00,14:18:11,14:19:10,14:20:00,14:21:59,14:24:00,,,,14:33:00,,,14:26:56,,,14:24:56,,14:26:00,,,,,14:34:00
113306394237422500,14:38:17,,14:47:17,,14:43:38,14:42:48,14:44:17,,,,,,14:32:00,14:33:11,14:34:10,14:35:00,14:36:59,14:39:00,,,,14:48:00,,,14:41:56,,,14:39:56,,14:41:00,,,,,14:49:00
113306395237422500,14:53:17,,15:02:17,,14:58:38,14:57:48,14:59:17,,,,,,14:47:00,14:48:11,14:49:10,14:50:00,14:51:59,14:54:00,,,,15:03:00,,,14:56:56,,,14:54:56,,14:56:00,,,,,15:04:00
113306396237422500,15:08:17,,15:17:17,,15:13:38,15:12:48,15:14:17,,,,,,15:02:00,15:03:11,15:04:10,15:05:00,15:06:59,15:09:00,,,,15:18:00,,,15:11:56,,,15:09:56,,15:11:00,,,,,15:19:00
113306397237422500,15:23:17,,15:32:17,,15:28:38,15:27:48,15:29:17,,,,,,15:17:00,15:18:11,15:19:10,15:20:00,15:21:59,15:24:00,,,,15:33:00,,,15:26:56,,,15:24:56,,15:26:00,,,,,15:34:00
113306398237422500,15:38:17,,15:47:17,,15:43:38,15:42:48,15:44:17,,,,,,15:32:00,15:33:11,15:34:10,15:35:00,15:36:59,15:39:00,,,,15:48:00,,,15:41:56,,,15:39:56,,15:41:00,,,,,15:49:00
113306399237422500,15:53:17,,16:02:17,,15:58:38,15:57:48,15:59:17,,,,,,15:47:00,15:48:11,15:49:10,15:50:00,15:51:59,15:54:00,,,,16:03:00,,,15:56:56,,,15:54:56,,15:56:00,,,,,16:04:00
113306400237422500,16:08:17,,16:17:17,,16:13:38,16:12:48,16:14:17,,,,,,16:02:00,16:03:11,16:04:10,16:05:00,16:06:59,16:09:00,,,,16:18:00,,,16:11:56,,,16:09:56,,16:11:00,,,,,16:19:00
113306401237422500,16:23:17,,16:32:17,,16:28:38,16:27:48,16:29:17,,,,,,16:17:00,16:18:11,16:19:10,16:20:00,16:21:59,16:24:00,,,,16:33:00,,,16:26:56,,,16:24:56,,16:26:00,,,,,16:34:00
113306402237422500,16:38:17,,16:47:17,,16:43:38,16:42:48,16:44:17,,,,,,16:32:00,16:33:11,16:34:10,16:35:00,16:36:59,16:39:00,,,,16:48:00,,,16:41:56,,,16:39:56,,16:41:00,,,,,16:49:00
113306403237422500,16:53:17,,17:02:17,,16:58:38,16:57:48,16:59:17,,,,,,16:47:00,16:48:11,16:49:10,16:50:00,16:51:59,16:54:00,,,,17:03:00,,,16:56:56,,,16:54:56,,16:56:00,,,,,17:04:00
113306404237422500,17:08:17,,17:17:17,,17:13:38,17:12:48,17:14:17,,,,,,17:02:00,17:03:11,17:04:10,17:05:00,17:06:59,17:09:00,,,,17:18:00,,,17:11:56,,,17:09:56,,17:11:00,,,,,17:19:00
113306405237422500,17:23:17,,17:32:17,,17:28:38,17:27:48,17:29:17,,,,,,17:17:00,17:18:11,17:19:10,17:20:00,17:21:59,17:24:00,,,,17:33:00,,,17:26:56,,,17:24:56,,17:26:00,,,,,17:34:00
113306406237422500,12:46:17,,12:55:17,,12:51:38,12:50:48,12:52:17,,,,,,12:40:00,12:41:11,12:42:10,12:43:00,12:44:59,12:47:00,,,,12:56:00,,,12:49:56,,,12:47:56,,12:49:00,,,,,12:57:00
113306407237422500,17:38:17,,17:47:17,,17:43:38,17:42:48,17:44:17,,,,,,17:32:00,17:33:11,17:34:10,17:35:00,17:36:59,17:39:00,,,,17:48:00,,,17:41:56,,,17:39:56,,17:41:00,,,,,17:49:00
113306408237422500,17:54:17,,18:03:17,,17:59:38,17:58:48,18:00:17,,,,,,17:48:00,17:49:11,17:50:10,17:51:00,17:52:59,17:55:00,,,,18:04:00,,,17:57:56,,,17:55:56,,17:57:00,,,,,18:05:00
113306409237422500,18:14:17,,18:23:17,,18:19:38,18:18:48,18:20:17,,,,,,18:08:00,18:09:11,18:10:10,18:11:00,18:12:59,18:15:00,,,,18:24:00,,,18:17:56,,,18:15:56,,18:17:00,,,,,18:25:00
113306410237422500,18:34:17,,18:43:17,,18:39:38,18:38:48,18:40:17,,,,,,18:28:00,18:29:11,18:30:10,18:31:00,18:32:59,18:35:00,,,,18:44:00,,,18:37:56,,,18:35:56,,18:37:00,,,,,18:45:00
113306411237422500,18:54:17,,19:03:17,,18:59:38,18:58:48,19:00:17,,,,,,18:48:00,18:49:11,18:50:10,18:51:00,18:52:59,18:55:00,,,,19:04:00,,,18:57:56,,,18:55:56,,18:57:00,,,,,19:05:00
113306412237422500,19:14:17,,19:22:30,,19:19:18,19:18:35,19:19:52,,,,,,19:08:00,19:09:11,19:10:10,19:11:00,19:12:59,19:15:00,,,,19:23:08,,,19:17:49,,,19:15:56,,19:17:00,,,,,19:24:00
113306413237422500,19:34:17,,19:42:30,,19:39:18,19:38:35,19:39:52,,,,,,19:28:00,19:29:11,19:30:10,19:31:00,19:32:59,19:35:00,,,,19:43:08,,,19:37:49,,,19:35:56,,19:37:00,,,,,19:44:00
113306414237422500,19:54:17,,20:02:30,,19:59:18,19:58:35,19:59:52,,,,,,19:48:00,19:49:11,19:50:10,19:51:00,19:52:59,19:55:00,,,,20:03:08,,,19:57:49,,,19:55:56,,19:57:00,,,,,20:04:00
113306415237422500,20:13:28,,20:21:30,,20:18:18,20:17:35,20:18:52,,,,,,20:08:00,20:09:11,20:10:10,20:11:00,20:12:29,20:14:00,,,,20:22:08,,,20:16:49,,,20:14:56,,20:16:00,,,,,20:23:00
113306416237422500,20:33:28,,20:41:30,,20:38:18,20:37:35,20:38:52,,,,,,20:28:00,20:29:11,20:30:10,20:31:00,20:32:29,20:34:00,,,,20:42:08,,,20:36:49,,,20:34:56,,20:36:00,,,,,20:43:00
113306417237422500,20:53:28,,21:01:30,,20:58:18,20:57:35,20:58:52,,,,,,20:48:00,20:49:11,20:50:10,20:51:00,20:52:29,20:54:00,,,,21:02:08,,,20:56:49,,,20:54:56,,20:56:00,,,,,21:03:00
113306418237422500,,24:35:42,,24:29:43,,,,24:30:17,24:38:49,24:39:24,24:40:31,24:41:32,24:43:00,,,,,,,,,,,24:31:14,,,,,24:33:35,,24:32:00,24:35:00,24:36:32,24:38:00,24:29:00
113306419237422500,24:33:28,,24:40:43,,24:37:58,24:37:21,24:38:28,,,,,,24:28:00,24:29:11,24:30:10,24:31:00,24:32:29,24:34:00,,,,24:41:15,,,24:36:42,,,24:34:56,,24:36:00,,,,,24:42:00
113306420237422500,,24:55:42,,24:49:43,,,,24:50:17,24:58:49,24:59:24,25:00:31,25:01:32,25:03:00,,,,,,,,,,,24:51:14,,,,,24:53:35,,24:52:00,24:55:00,24:56:32,24:58:00,24:49:00
113306421237422500,,24:14:42,,24:08:43,,,,24:09:17,24:17:49,24:18:24,24:19:31,24:20:32,24:22:00,,,,,,,,,,,24:10:14,,,,,24:12:35,,24:11:00,24:14:00,24:15:32,24:17:00,24:08:00
113306422237422500,21:13:28,,21:20:43,,21:17:58,21:17:21,21:18:28,,,,,,21:08:00,21:09:11,21:10:10,21:11:00,21:12:29,21:14:00,,,,21:21:15,,,21:16:42,,,21:14:56,,21:16:00,,,,,21:22:00
113306423237422500,21:33:28,,21:40:43,,21:37:58,21:37:21,21:38:28,,,,,,21:28:00,21:29:11,21:30:10,21:31:00,21:32:29,21:34:00,,,,21:41:15,,,21:36:42,,,21:34:56,,21:36:00,,,,,21:42:00
113306424237422500,21:53:28,,22:00:43,,21:57:58,21:57:21,21:58:28,,,,,,21:48:00,21:49:11,21:50:10,21:51:00,21:52:29,21:54:00,,,,22:01:15,,,21:56:42,,,21:54:56,,21:56:00,,,,,22:02:00
113306425237422500,22:13:28,,22:20:43,,22:17:58,22:17:21,22:18:28,,,,,,22:08:00,22:09:11,22:10:10,22:11:00,22:12:29,22:14:00,,,,22:21:15,,,22:16:42,,,22:14:56,,22:16:00,,,,,22:22:00
113306426237422500,22:32:28,,22:39:43,,22:36:58,22:36:21,22:37:28,,,,,,22:27:00,22:28:11,22:29:10,22:30:00,22:31:29,22:33:00,,,,22:40:15,,,22:35:42,,,22:33:56,,22:35:00,,,,,22:41:00
113306427237422500,22:52:28,,22:59:43,,22:56:58,22:56:21,22:57:28,,,,,,22:47:00,22:48:11,22:49:10,22:50:00,22:51:29,22:53:00,,,,23:00:15,,,22:55:42,,,22:53:56,,22:55:00,,,,,23:01:00
113306428237422500,23:12:28,,23:19:43,,23:16:58,23:16:21,23:17:28,,,,,,23:07:00,23:08:11,23:09:10,23:10:00,23:11:29,23:13:00,,,,23:20:15,,,23:15:42,,,23:13:56,,23:15:00,,,,,23:21:00
113306429237422500,23:32:28,,23:39:43,,23:36:58,23:36:21,23:37:28,,,,,,23:27:00,23:28:11,23:29:10,23:30:00,23:31:29,23:33:00,,,,23:40:15,,,23:35:42,,,23:33:56,,23:35:00,,,,,23:41:00
113306430237422500,23:52:28,,23:59:43,,23:56:58,23:56:21,23:57:28,,,,,,23:47:00,23:48:11,23:49:10,23:50:00,23:51:29,23:53:00,,,,24:00:15,,,23:55:42,,,23:53:56,,23:55:00,,,,,24:01:00
113306431237422500,24:12:28,,24:19:43,,24:16:58,24:16:21,24:17:28,,,,,,24:07:00,24:08:11,24:09:10,24:10:00,24:11:29,24:13:00,,,,24:20:15,,,24:15:42,,,24:13:56,,24:15:00,,,,,24:21:00
113306432237422500,,07:07:57,,07:00:58,,,,07:01:42,07:11:49,07:12:24,07:13:31,07:14:32,07:16:00,,,,,,,,,,,07:02:59,,,,,07:05:35,,07:04:00,07:07:00,07:09:03,07:11:00,07:00:00
113306433237422500,,07:37:57,,07:30:58,,,,07:31:42,07:41:49,07:42:24,07:43:31,07:44:32,07:46:00,,,,,,,,,,,07:32:59,,,,,07:35:35,,07:34:00,07:37:00,07:39:03,07:41:00,07:30:00
113306434237422500,,08:00:57,,07:53:58,,,,07:54:42,08:04:49,08:05:24,08:06:31,08:07:32,08:09:00,,,,,,,,,,,07:55:59,,,,,07:58:35,,07:57:00,08:00:00,08:02:03,08:04:00,07:53:00
113306435237422500,,08:20:57,,08:13:58,,,,08:14:42,08:24:49,08:25:24,08:26:31,08:27:32,08:29:00,,,,,,,,,,,08:15:59,,,,,08:18:35,,08:17:00,08:20:00,08:22:03,08:24:00,08:13:00
113306436237422500,,08:40:57,,08:33:58,,,,08:34:42,08:44:49,08:45:24,08:46:31,08:47:32,08:49:00,,,,,,,,,,,08:35:59,,,,,08:38:35,,08:37:00,08:40:00,08:42:03,08:44:00,08:33:00
113306437237422500,,09:00:57,,08:53:58,,,,08:54:42,09:04:49,09:05:24,09:06:31,09:07:32,09:09:00,,,,,,,,,,,08:55:59,,,,,08:58:35,,08:57:00,09:00:00,09:02:03,09:04:00,08:53:00
113306438237422500,,09:20:57,,09:13:58,,,,09:14:42,09:24:49,09:25:24,09:26:31,09:27:32,09:29:00,,,,,,,,,,,09:15:59,,,,,09:18:35,,09:17:00,09:20:00,09:22:03,09:24:00,09:13:00
113306439237422500,,09:40:57,,09:33:58,,,,09:34:42,09:44:49,09:45:24,09:46:31,09:47:32,09:49:00,,,,,,,,,,,09:35:59,,,,,09:38:35,,09:37:00,09:40:00,09:42:03,09:44:00,09:33:00
113306440237422500,,09:59:57,,09:52:58,,,,09:53:42,10:03:59,10:04:41,10:06:01,10:07:15,10:09:00,,,,,,,,,,,09:54:59,,,,,09:57:35,,09:56:00,09:59:00,10:01:03,10:03:00,09:52:00
113306441237422500,,10:19:57,,10:12:58,,,,10:13:42,10:23:59,10:24:41,10:26:01,10:27:15,10:29:00,,,,,,,,,,,10:14:59,,,,,10:17:35,,10:16:00,10:19:00,10:21:03,10:23:00,10:12:00
113306442237422500,,10:39:57,,10:32:58,,,,10:33:42,10:43:59,10:44:41,10:46:01,10:47:15,10:49:00,,,,,,,,,,,10:34:59,,,,,10:37:35,,10:36:00,10:39:00,10:41:03,10:43:00,10:32:00
113306443237422500,,10:59:57,,10:52:58,,,,10:53:42,11:03:59,11:04:41,11:06:01,11:07:15,11:09:00,,,,,,,,,,,10:54:59,,,,,10:57:35,,10:56:00,10:59:00,11:01:03,11:03:00,10:52:00
113306444237422500,,11:20:57,,11:13:58,,,,11:14:42,11:24:59,11:25:41,11:27:01,11:28:15,11:30:00,,,,,,,,,,,11:15:59,,,,,11:18:35,,11:17:00,11:20:00,11:22:03,11:24:00,11:13:00
113306445237422500,,11:40:57,,11:33:58,,,,11:34:42,11:44:59,11:45:41,11:47:01,11:48:15,11:50:00,,,,,,,,,,,11:35:59,,,,,11:38:35,,11:37:00,11:40:00,11:42:03,11:44:00,11:33:00
113306446237422500,,12:00:57,,11:53:58,,,,11:54:42,12:04:59,12:05:41,12:07:01,12:08:15,12:10:00,,,,,,,,,,,11:55:59,,,,,11:58:35,,11:57:00,12:00:00,12:02:03,12:04:00,11:53:00
113306447237422500,,12:20:57,,12:13:58,,,,12:14:42,12:24:59,12:25:41,12:27:01,12:28:15,12:30:00,,,,,,,,,,,12:15:59,,,,,12:18:35,,12:17:00,12:20:00,12:22:03,12:24:00,12:13:00
113306448237422500,,12:40:57,,12:33:58,,,,12:34:42,12:44:59,12:45:41,12:47:01,12:48:15,12:50:00,,,,,,,,,,,12:35:59,,,,,12:38:35,,12:37:00,12:40:00,12:42:03,12:44:00,12:33:00
113306449237422500,,13:17:57,,13:10:12,,,,13:11:08,13:21:59,13:22:41,13:24:01,13:25:15,13:27:00,,,,,,,,,,,13:12:44,,,,,13:15:35,,13:14:00,13:17:00,13:19:03,13:21:00,13:09:00
113306450237422500,,13:32:57,,13:25:12,,,,13:26:08,13:36:59,13:37:41,13:39:01,13:40:15,13:42:00,,,,,,,,,,,13:27:44,,,,,13:30:35,,13:29:00,13:32:00,13:34:03,13:36:00,13:24:00
113306451237422500,,13:47:57,,13:40:12,,,,13:41:08,13:51:59,13:52:41,13:54:01,13:55:15,13:57:00,,,,,,,,,,,13:42:44,,,,,13:45:35,,13:44:00,13:47:00,13:49:03,13:51:00,13:39:00
113306452237422500,,14:02:57,,13:55:12,,,,13:56:08,14:06:59,14:07:41,14:09:01,14:10:15,14:12:00,,,,,,,,,,,13:57:44,,,,,14:00:35,,13:59:00,14:02:00,14:04:03,14:06:00,13:54:00
113306453237422500,,14:17:57,,14:10:12,,,,14:11:08,14:21:59,14:22:41,14:24:01,14:25:15,14:27:00,,,,,,,,,,,14:12:44,,,,,14:15:35,,14:14:00,14:17:00,14:19:03,14:21:00,14:09:00
113306454237422500,,14:32:57,,14:25:12,,,,14:26:08,14:36:59,14:37:41,14:39:01,14:40:15,14:42:00,,,,,,,,,,,14:27:44,,,,,14:30:35,,14:29:00,14:32:00,14:34:03,14:36:00,14:24:00
113306455237422500,,14:47:57,,14:40:12,,,,14:41:08,14:51:59,14:52:41,14:54:01,14:55:15,14:57:00,,,,,,,,,,,14:42:44,,,,,14:45:35,,14:44:00,14:47:00,14:49:03,14:51:00,14:39:00
113306456237422500,,15:02:57,,14:55:12,,,,14:56:08,15:06:59,15:07:41,15:09:01,15:10:15,15:12:00,,,,,,,,,,,14:57:44,,,,,15:00:35,,14:59:00,15:02:00,15:04:03,15:06:00,14:54:00
113306457237422500,,15:17:57,,15:10:12,,,,15:11:08,15:21:59,15:22:41,15:24:01,15:25:15,15:27:00,,,,,,,,,,,15:12:44,,,,,15:15:35,,15:14:00,15:17:00,15:19:03,15:21:00,15:09:00
113306458237422500,,15:32:57,,15:25:12,,,,15:26:08,15:36:59,15:37:41,15:39:01,15:40:15,15:42:00,,,,,,,,,,,15:27:44,,,,,15:30:35,,15:29:00,15:32:00,15:34:03,15:36:00,15:24:00
113306459237422500,,15:47:57,,15:40:12,,,,15:41:08,15:51:59,15:52:41,15:54:01,15:55:15,15:57:00,,,,,,,,,,,15:42:44,,,,,15:45:35,,15:44:00,15:47:00,15:49:03,15:51:00,15:39:00
113306460237422500,,16:02:57,,15:55:12,,,,15:56:08,16:06:59,16:07:41,16:09:01,16:10:15,16:12:00,,,,,,,,,,,15:57:44,,,,,16:00:35,,15:59:00,16:02:00,16:04:03,16:06:00,15:54:00
113306461237422500,,16:17:57,,16:10:12,,,,16:11:08,16:21:59,16:22:41,16:24:01,16:25:15,16:27:00,,,,,,,,,,,16:12:44,,,,,16:15:35,,16:14:00,16:17:00,16:19:03,16:21:00,16:09:00
113306462237422500,,16:32:57,,16:25:12,,,,16:26:08,16:36:59,16:37:41,16:39:01,16:40:15,16:42:00,,,,,,,,,,,16:27:44,,,,,16:30:35,,16:29:00,16:32:00,16:34:03,16:36:00,16:24:00
113306463237422500,,16:47:57,,16:40:12,,,,16:41:08,16:51:59,16:52:41,16:54:01,16:55:15,16:57:00,,,,,,,,,,,16:42:44,,,,,16:45:35,,16:44:00,16:47:00,16:49:03,16:51:00,16:39:00
113306464237422500,,17:02:57,,16:55:12,,,,16:56:08,17:06:59,17:07:41,17:09:01,17:10:15,17:12:00,,,,,,,,,,,16:57:44,,,,,17:00:35,,16:59:00,17:02:00,17:04:03,17:06:00,16:54:00
113306465237422500,,17:17:57,,17:10:58,,,,17:11:42,17:21:59,17:22:41,17:24:01,17:25:15,17:27:00,,,,,,,,,,,17:12:59,,,,,17:15:35,,17:14:00,17:17:00,17:19:03,17:21:00,17:10:00
113306466237422500,,17:32:57,,17:25:58,,,,17:26:42,17:36:59,17:37:41,17:39:01,17:40:15,17:42:00,,,,,,,,,,,17:27:59,,,,,17:30:35,,17:29:00,17:32:00,17:34:03,17:36:00,17:25:00
113306467237422500,,13:00:57,,12:53:58,,,,12:54:42,13:04:59,13:05:41,13:07:01,13:08:15,13:10:00,,,,,,,,,,,12:55:59,,,,,12:58:35,,12:57:00,13:00:00,13:02:03,13:04:00,12:53:00
113306468237422500,,17:52:57,,17:45:58,,,,17:46:42,17:56:59,17:57:41,17:59:01,18:00:15,18:02:00,,,,,,,,,,,17:47:59,,,,,17:50:35,,17:49:00,17:52:00,17:54:03,17:56:00,17:45:00
113306469237422500,,18:13:42,,18:06:58,,,,18:07:42,18:16:59,18:17:41,18:19:01,18:20:15,18:22:00,,,,,,,,,,,18:08:59,,,,,18:11:35,,18:10:00,18:13:00,18:14:32,18:16:00,18:06:00
113306470237422500,,18:33:42,,18:26:58,,,,18:27:42,18:36:59,18:37:41,18:39:01,18:40:15,18:42:00,,,,,,,,,,,18:28:59,,,,,18:31:35,,18:30:00,18:33:00,18:34:32,18:36:00,18:26:00
113306471237422500,,18:53:42,,18:46:58,,,,18:47:42,18:56:59,18:57:41,18:59:01,19:00:15,19:02:00,,,,,,,,,,,18:48:59,,,,,18:51:35,,18:50:00,18:53:00,18:54:32,18:56:00,18:46:00
113306472237422500,,19:13:42,,19:06:58,,,,19:07:42,19:16:59,19:17:41,19:19:01,19:20:15,19:22:00,,,,,,,,,,,19:08:59,,,,,19:11:35,,19:10:00,19:13:00,19:14:32,19:16:00,19:06:00
113306473237422500,,19:33:42,,19:26:58,,,,19:27:42,19:36:59,19:37:41,19:39:01,19:40:15,19:42:00,,,,,,,,,,,19:28:59,,,,,19:31:35,,19:30:00,19:33:00,19:34:32,19:36:00,19:26:00
113306474237422500,,19:53:42,,19:46:58,,,,19:47:42,19:56:59,19:57:41,19:59:01,20:00:15,20:02:00,,,,,,,,,,,19:48:59,,,,,19:51:35,,19:50:00,19:53:00,19:54:32,19:56:00,19:46:00
113306475237422500,,20:13:42,,20:06:58,,,,20:07:42,20:16:59,20:17:41,20:19:01,20:20:15,20:22:00,,,,,,,,,,,20:08:59,,,,,20:11:35,,20:10:00,20:13:00,20:14:32,20:16:00,20:06:00
113306476237422500,,20:33:42,,20:26:58,,,,20:27:42,20:36:59,20:37:41,20:39:01,20:40:15,20:42:00,,,,,,,,,,,20:28:59,,,,,20:31:35,,20:30:00,20:33:00,20:34:32,20:36:00,20:26:00
113306477237422500,,20:53:42,,20:46:58,,,,20:47:42,20:56:59,20:57:41,20:59:01,21:00:15,21:02:00,,,,,,,,,,,20:48:59,,,,,20:51:35,,20:50:00,20:53:00,20:54:32,20:56:00,20:46:00
113306478237422500,,21:14:42,,21:08:43,,,,21:09:17,21:17:49,21:18:24,21:19:31,21:20:32,21:22:00,,,,,,,,,,,21:10:14,,,,,21:12:35,,21:11:00,21:14:00,21:15:32,21:17:00,21:08:00
113306479237422500,,21:34:42,,21:28:43,,,,21:29:17,21:37:49,21:38:24,21:39:31,21:40:32,21:42:00,,,,,,,,,,,21:30:14,,,,,21:32:35,,21:31:00,21:34:00,21:35:32,21:37:00,21:28:00
113306480237422500,,21:54:42,,21:48:43,,,,21:49:17,21:57:49,21:58:24,21:59:31,22:00:32,22:02:00,,,,,,,,,,,21:50:14,,,,,21:52:35,,21:51:00,21:54:00,21:55:32,21:57:00,21:48:00
113306481237422500,,22:14:42,,22:08:43,,,,22:09:17,22:17:49,22:18:24,22:19:31,22:20:32,22:22:00,,,,,,,,,,,22:10:14,,,,,22:12:35,,22:11:00,22:14:00,22:15:32,22:17:00,22:08:00
113306482237422500,,22:34:42,,22:28:43,,,,22:29:17,22:37:49,22:38:24,22:39:31,22:40:32,22:42:00,,,,,,,,,,,22:30:14,,,,,22:32:35,,22:31:00,22:34:00,22:35:32,22:37:00,22:28:00
113306483237422500,,22:54:42,,22:48:43,,,,22:49:17,22:57:49,22:58:24,22:59:31,23:00:32,23:02:00,,,,,,,,,,,22:50:14,,,,,22:52:35,,22:51:00,22:54:00,22:55:32,22:57:00,22:48:00
113306484237422500,,23:14:42,,23:08:43,,,,23:09:17,23:17:49,23:18:24,23:19:31,23:20:32,23:22:00,,,,,,,,,,,23:10:14,,,,,23:12:35,,23:11:00,23:14:00,23:15:32,23:17:00,23:08:00
113306485237422500,,23:34:42,,23:28:43,,,,23:29:17,23:37:49,23:38:24,23:39:31,23:40:32,23:42:00,,,,,,,,,,,23:30:14,,,,,23:32:35,,23:31:00,23:34:00,23:35:32,23:37:00,23:28:00
113306486237422500,,23:54:42,,23:48:43,,,,23:49:17,23:57:49,23:58:24,23:59:31,24:00:32,24:02:00,,,,,,,,,,,23:50:14,,,,,23:52:35,,23:51:00,23:54:00,23:55:32,23:57:00,23:48:00
113306487237422500,06:35:28,,06:42:43,,06:39:58,06:39:21,06:40:28,,,,,,06:30:00,06:31:11,06:32:10,06:33:00,06:34:29,06:36:00,,,,06:43:15,,,06:38:42,,,06:36:56,,06:38:00,,,,,06:44:00
113306488237422500,07:46:28,,07:54:30,,07:51:18,07:50:35,07:51:52,,,,,,07:41:00,07:42:11,07:43:10,07:44:00,07:45:29,07:47:00,,,,07:55:08,,,07:49:49,,,07:47:56,,07:49:00,,,,,07:56:00
113306489237422500,,22:44:42,,22:38:43,,,,22:39:17,22:47:49,22:48:24,22:49:31,22:50:32,22:52:00,,,,,,,,,,,22:40:14,,,,,22:42:35,,22:41:00,22:44:00,22:45:32,22:47:00,22:38:00
113306490237422500,,06:38:42,,06:31:58,,,,06:32:42,06:41:49,06:42:24,06:43:31,06:44:32,06:46:00,,,,,,,,,,,06:33:59,,,,,06:36:35,,06:35:00,06:38:00,06:39:32,06:41:00,06:31:00
113306491237422500,05:10:28,,05:17:43,,05:14:58,05:14:21,05:15:28,,,,,,05:05:00,05:06:11,05:07:10,05:08:00,05:09:29,05:11:00,,,,05:18:15,,,05:13:42,,,05:11:56,,05:13:00,,,,,05:19:00
113306492237422500,,05:32:42,,05:26:43,,,,05:27:17,05:35:49,05:36:24,05:37:31,05:38:32,05:40:00,,,,,,,,,,,05:28:14,,,,,05:30:35,,05:29:00,05:32:00,05:33:32,05:35:00,05:26:00
113306493237422500,06:05:28,,06:12:43,,06:09:58,06:09:21,06:10:28,,,,,,06:00:00,06:01:11,06:02:10,06:03:00,06:04:29,06:06:00,,,,06:13:15,,,06:08:42,,,06:06:56,,06:08:00,,,,,06:14:00
113306494237422500,,06:08:42,,06:02:43,,,,06:03:17,06:11:49,06:12:24,06:13:31,06:14:32,06:16:00,,,,,,,,,,,06:04:14,,,,,06:06:35,,06:05:00,06:08:00,06:09:32,06:11:00,06:02:00
113306495237422500,05:47:28,,05:54:43,,05:51:58,05:51:21,05:52:28,,,,,,05:42:00,05:43:11,05:44:10,05:45:00,05:46:29,05:48:00,,,,05:55:15,,,05:50:42,,,05:48:56,,05:50:00,,,,,05:56:00
113306502237422500,,17:09:57,,17:02:58,,,,17:03:42,17:13:59,17:14:41,17:16:01,17:17:15,17:19:00,,,,,,,,,,,17:04:59,,,,,17:07:35,,17:06:00,17:09:00,17:11:03,17:13:00,17:02:00
113306503237422500,12:56:17,,13:05:17,,13:01:38,13:00:48,13:02:17,,,,,,12:50:00,12:51:11,12:52:10,12:53:00,12:54:59,12:57:00,,,,13:06:00,,,12:59:56,,,12:57:56,,12:59:00,,,,,13:07:00
113306507237424600,07:33:28,,07:42:44,,07:40:02,07:39:26,07:40:31,,,,,,07:28:00,07:29:11,07:30:10,07:31:00,07:32:29,07:34:00,07:35:42,07:36:42,07:38:00,07:43:16,,,07:38:47,,,,,,,,,,07:44:00
113306508237424600,08:03:28,,08:12:44,,08:10:02,08:09:26,08:10:31,,,,,,07:58:00,07:59:11,08:00:10,08:01:00,08:02:29,08:04:00,08:05:42,08:06:42,08:08:00,08:13:16,,,08:08:47,,,,,,,,,,08:14:00
113306509237424600,08:33:28,,08:42:44,,08:40:02,08:39:26,08:40:31,,,,,,08:28:00,08:29:11,08:30:10,08:31:00,08:32:29,08:34:00,08:35:42,08:36:42,08:38:00,08:43:16,,,08:38:47,,,,,,,,,,08:44:00
113306510237424600,09:04:17,,09:14:32,,09:11:22,09:10:40,09:11:56,,,,,,08:58:00,08:59:11,09:00:10,09:01:00,09:02:59,09:05:00,09:06:42,09:07:42,09:09:00,09:15:09,,,09:09:55,,,,,,,,,,09:16:00
113306511237424600,09:34:17,,09:44:32,,09:41:22,09:40:40,09:41:56,,,,,,09:28:00,09:29:11,09:30:10,09:31:00,09:32:59,09:35:00,09:36:42,09:37:42,09:39:00,09:45:09,,,09:39:55,,,,,,,,,,09:46:00
113306512237424600,10:04:17,,10:14:32,,10:11:22,10:10:40,10:11:56,,,,,,09:58:00,09:59:11,10:00:10,10:01:00,10:02:59,10:05:00,10:06:42,10:07:42,10:09:00,10:15:09,,,10:09:55,,,,,,,,,,10:16:00
113306513237424600,10:34:17,,10:44:32,,10:41:22,10:40:40,10:41:56,,,,,,10:28:00,10:29:11,10:30:10,10:31:00,10:32:59,10:35:00,10:36:42,10:37:42,10:39:00,10:45:09,,,10:39:55,,,,,,,,,,10:46:00
113306514237424600,11:04:17,,11:14:32,,11:11:22,11:10:40,11:11:56,,,,,,10:58:00,10:59:11,11:00:10,11:01:00,11:02:59,11:05:00,11:06:42,11:07:42,11:09:00,11:15:09,,,11:09:55,,,,,,,,,,11:16:00
113306515237424600,11:34:17,,11:44:32,,11:41:22,11:40:40,11:41:56,,,,,,11:28:00,11:29:11,11:30:10,11:31:00,11:32:59,11:35:00,11:36:42,11:37:42,11:39:00,11:45:09,,,11:39:55,,,,,,,,,,11:46:00
113306516237424600,12:04:17,,12:14:32,,12:11:22,12:10:40,12:11:56,,,,,,11:58:00,11:59:11,12:00:10,12:01:00,12:02:59,12:05:00,12:06:42,12:07:42,12:09:00,12:15:09,,,12:09:55,,,,,,,,,,12:16:00
113306517237424600,12:34:17,,12:44:32,,12:41:22,12:40:40,12:41:56,,,,,,12:28:00,12:29:11,12:30:10,12:31:00,12:32:59,12:35:00,12:36:42,12:37:42,12:39:00,12:45:09,,,12:39:55,,,,,,,,,,12:46:00
113306518237424600,13:04:17,,13:14:32,,13:11:22,13:10:40,13:11:56,,,,,,12:58:00,12:59:11,13:00:10,13:01:00,13:02:59,13:05:00,13:06:42,13:07:42,13:09:00,13:15:09,,,13:09:55,,,,,,,,,,13:16:00
113306519237424600,13:34:17,,13:44:32,,13:41:22,13:40:40,13:41:56,,,,,,13:28:00,13:29:11,13:30:10,13:31:00,13:32:59,13:35:00,13:36:42,13:37:42,13:39:00,13:45:09,,,13:39:55,,,,,,,,,,13:46:00
113306520237424600,14:04:17,,14:14:32,,14:11:22,14:10:40,14:11:56,,,,,,13:58:00,13:59:11,14:00:10,14:01:00,14:02:59,14:05:00,14:06:42,14:07:42,14:09:00,14:15:09,,,14:09:55,,,,,,,,,,14:16:00
113306521237424600,14:34:17,,14:44:32,,14:41:22,14:40:40,14:41:56,,,,,,14:28:00,14:29:11,14:30:10,14:31:00,14:32:59,14:35:00,14:36:42,14:37:42,14:39:00,14:45:09,,,14:39:55,,,,,,,,,,14:46:00
113306522237424600,15:04:17,,15:14:32,,15:11:22,15:10:40,15:11:56,,,,,,14:58:00,14:59:11,15:00:10,15:01:00,15:02:59,15:05:00,15:06:42,15:07:42,15:09:00,15:15:09,,,15:09:55,,,,,,,,,,15:16:00
113306523237424600,07:03:28,,07:12:44,,07:10:02,07:09:26,07:10:31,,,,,,06:58:00,06:59:11,07:00:10,07:01:00,07:02:29,07:04:00,07:05:42,07:06:42,07:08:00,07:13:16,,,07:08:47,,,,,,,,,,07:14:00
113306524237424600,15:34:17,,15:42:30,,15:39:18,15:38:35,15:39:52,,,,,,15:28:00,15:29:11,15:30:10,15:31:00,15:32:59,15:35:00,,,,15:43:08,,,15:37:49,,,15:35:56,,15:37:00,,,,,15:44:00
113306525237424600,16:04:17,,16:12:30,,16:09:18,16:08:35,16:09:52,,,,,,15:58:00,15:59:11,16:00:10,16:01:00,16:02:59,16:05:00,,,,16:13:08,,,16:07:49,,,16:05:56,,16:07:00,,,,,16:14:00
113306526237424600,16:34:17,,16:42:30,,16:39:18,16:38:35,16:39:52,,,,,,16:28:00,16:29:11,16:30:10,16:31:00,16:32:59,16:35:00,,,,16:43:08,,,16:37:49,,,16:35:56,,16:37:00,,,,,16:44:00
113306527237424600,17:04:17,,17:12:30,,17:09:18,17:08:35,17:09:52,,,,,,16:58:00,16:59:11,17:00:10,17:01:00,17:02:59,17:05:00,,,,17:13:08,,,17:07:49,,,17:05:56,,17:07:00,,,,,17:14:00
113306528237424600,17:34:17,,17:42:30,,17:39:18,17:38:35,17:39:52,,,,,,17:28:00,17:29:11,17:30:10,17:31:00,17:32:59,17:35:00,,,,17:43:08,,,17:37:49,,,17:35:56,,17:37:00,,,,,17:44:00
113306529237424600,18:04:17,,18:12:30,,18:09:18,18:08:35,18:09:52,,,,,,17:58:00,17:59:11,18:00:10,18:01:00,18:02:59,18:05:00,,,,18:13:08,,,18:07:49,,,18:05:56,,18:07:00,,,,,18:14:00
113306530237424600,18:34:17,,18:42:30,,18:39:18,18:38:35,18:39:52,,,,,,18:28:00,18:29:11,18:30:10,18:31:00,18:32:59,18:35:00,,,,18:43:08,,,18:37:49,,,18:35:56,,18:37:00,,,,,18:44:00
113306531237424600,19:04:17,,19:11:43,,19:08:58,19:08:21,19:09:28,,,,,,18:58:00,18:59:11,19:00:10,19:01:00,19:02:59,19:05:00,,,,19:12:15,,,19:07:42,,,19:05:56,,19:07:00,,,,,19:13:00
113306532237424600,19:34:17,,19:41:43,,19:38:58,19:38:21,19:39:28,,,,,,19:28:00,19:29:11,19:30:10,19:31:00,19:32:59,19:35:00,,,,19:42:15,,,19:37:42,,,19:35:56,,19:37:00,,,,,19:43:00
113306533237424600,20:03:28,,20:10:43,,20:07:58,20:07:21,20:08:28,,,,,,19:58:00,19:59:11,20:00:10,20:01:00,20:02:29,20:04:00,,,,20:11:15,,,20:06:42,,,20:04:56,,20:06:00,,,,,20:12:00
113306534237424600,20:33:28,,20:40:43,,20:37:58,20:37:21,20:38:28,,,,,,20:28:00,20:29:11,20:30:10,20:31:00,20:32:29,20:34:00,,,,20:41:15,,,20:36:42,,,20:34:56,,20:36:00,,,,,20:42:00
113306535237424600,21:03:28,,21:10:43,,21:07:58,21:07:21,21:08:28,,,,,,20:58:00,20:59:11,21:00:10,21:01:00,21:02:29,21:04:00,,,,21:11:15,,,21:06:42,,,21:04:56,,21:06:00,,,,,21:12:00
113306536237424600,21:33:28,,21:40:43,,21:37:58,21:37:21,21:38:28,,,,,,21:28:00,21:29:11,21:30:10,21:31:00,21:32:29,21:34:00,,,,21:41:15,,,21:36:42,,,21:34:56,,21:36:00,,,,,21:42:00
113306537237424600,22:03:28,,22:10:43,,22:07:58,22:07:21,22:08:28,,,,,,21:58:00,21:59:11,22:00:10,22:01:00,22:02:29,22:04:00,,,,22:11:15,,,22:06:42,,,22:04:56,,22:06:00,,,,,22:12:00
113306538237424600,22:32:28,,22:39:43,,22:36:58,22:36:21,22:37:28,,,,,,22:27:00,22:28:11,22:29:10,22:30:00,22:31:29,22:33:00,,,,22:40:15,,,22:35:42,,,22:33:56,,22:35:00,,,,,22:41:00
113306539237424600,23:03:28,,23:10:43,,23:07:58,23:07:21,23:08:28,,,,,,22:58:00,22:59:11,23:00:10,23:01:00,23:02:29,23:04:00,,,,23:11:15,,,23:06:42,,,23:04:56,,23:06:00,,,,,23:12:00
113306540237424600,23:32:28,,23:39:43,,23:36:58,23:36:21,23:37:28,,,,,,23:27:00,23:28:11,23:29:10,23:30:00,23:31:29,23:33:00,,,,23:40:15,,,23:35:42,,,23:33:56,,23:35:00,,,,,23:41:00
113306541237424600,24:33:28,,24:40:43,,24:37:58,24:37:21,24:38:28,,,,,,24:28:00,24:29:11,24:30:10,24:31:00,24:32:29,24:34:00,,,,24:41:15,,,24:36:42,,,24:34:56,,24:36:00,,,,,24:42:00
113306542237424600,24:03:28,,24:10:43,,24:07:58,24:07:21,24:08:28,,,,,,23:58:00,23:59:11,24:00:10,24:01:00,24:02:29,24:04:00,,,,24:11:15,,,24:06:42,,,24:04:56,,24:06:00,,,,,24:12:00
113306543237424600,,07:10:42,,07:04:42,,,,07:05:15,07:13:59,07:14:41,07:16:01,07:17:15,07:19:00,,,,,,,,,,07:07:00,07:06:11,,07:08:51,07:08:05,,,,,07:10:00,07:11:32,07:13:00,07:04:00
113306544237424600,,07:39:57,,07:32:56,,,,07:33:40,07:43:59,07:44:41,07:46:01,07:47:15,07:49:00,,,,,,,,,,07:36:00,07:34:55,,07:37:51,07:37:05,,,,,07:39:00,07:41:03,07:43:00,07:32:00
113306545237424600,,08:10:57,,08:03:56,,,,08:04:40,08:14:59,08:15:41,08:17:01,08:18:15,08:20:00,,,,,,,,,,08:07:00,08:05:55,,08:08:51,08:08:05,,,,,08:10:00,08:12:03,08:14:00,08:03:00
113306546237424600,,08:40:57,,08:33:56,,,,08:34:40,08:44:59,08:45:41,08:47:01,08:48:15,08:50:00,,,,,,,,,,08:37:00,08:35:55,,08:38:51,08:38:05,,,,,08:40:00,08:42:03,08:44:00,08:33:00
113306547237424600,,09:10:57,,09:03:56,,,,09:04:40,09:14:59,09:15:41,09:17:01,09:18:15,09:20:00,,,,,,,,,,09:07:00,09:05:55,,09:08:51,09:08:05,,,,,09:10:00,09:12:03,09:14:00,09:03:00
113306548237424600,,09:40:57,,09:33:56,,,,09:34:40,09:44:59,09:45:41,09:47:01,09:48:15,09:50:00,,,,,,,,,,09:37:00,09:35:55,,09:38:51,09:38:05,,,,,09:40:00,09:42:03,09:44:00,09:33:00
113306549237424600,,10:10:57,,10:03:56,,,,10:04:40,10:14:59,10:15:41,10:17:01,10:18:15,10:20:00,,,,,,,,,,10:07:00,10:05:55,,10:08:51,10:08:05,,,,,10:10:00,10:12:03,10:14:00,10:03:00
113306550237424600,,10:40:57,,10:33:56,,,,10:34:40,10:44:59,10:45:41,10:47:01,10:48:15,10:50:00,,,,,,,,,,10:37:00,10:35:55,,10:38:51,10:38:05,,,,,10:40:00,10:42:03,10:44:00,10:33:00
113306551237424600,,11:10:57,,11:03:56,,,,11:04:40,11:14:59,11:15:41,11:17:01,11:18:15,11:20:00,,,,,,,,,,11:07:00,11:05:55,,11:08:51,11:08:05,,,,,11:10:00,11:12:03,11:14:00,11:03:00
113306552237424600,,11:40:57,,11:33:56,,,,11:34:40,11:44:59,11:45:41,11:47:01,11:48:15,11:50:00,,,,,,,,,,11:37:00,11:35:55,,11:38:51,11:38:05,,,,,11:40:00,11:42:03,11:44:00,11:33:00
113306553237424600,,12:10:57,,12:03:56,,,,12:04:40,12:14:59,12:15:41,12:17:01,12:18:15,12:20:00,,,,,,,,,,12:07:00,12:05:55,,12:08:51,12:08:05,,,,,12:10:00,12:12:03,12:14:00,12:03:00
113306554237424600,,12:40:57,,12:33:56,,,,12:34:40,12:44:59,12:45:41,12:47:01,12:48:15,12:50:00,,,,,,,,,,12:37:00,12:35:55,,12:38:51,12:38:05,,,,,12:40:00,12:42:03,12:44:00,12:33:00
113306555237424600,,13:10:57,,13:03:56,,,,13:04:40,13:14:59,13:15:41,13:17:01,13:18:15,13:20:00,,,,,,,,,,13:07:00,13:05:55,,13:08:51,13:08:05,,,,,13:10:00,13:12:03,13:14:00,13:03:00
113306556237424600,,13:40:57,,13:33:56,,,,13:34:40,13:44:59,13:45:41,13:47:01,13:48:15,13:50:00,,,,,,,,,,13:37:00,13:35:55,,13:38:51,13:38:05,,,,,13:40:00,13:42:03,13:44:00,13:33:00
113306557237424600,,14:10:57,,14:03:56,,,,14:04:40,14:14:59,14:15:41,14:17:01,14:18:15,14:20:00,,,,,,,,,,14:07:00,14:05:55,,14:08:51,14:08:05,,,,,14:10:00,14:12:03,14:14:00,14:03:00
113306558237424600,,14:40:57,,14:33:56,,,,14:34:40,14:44:59,14:45:41,14:47:01,14:48:15,14:50:00,,,,,,,,,,14:37:00,14:35:55,,14:38:51,14:38:05,,,,,14:40:00,14:42:03,14:44:00,14:33:00
113306559237424600,,15:09:57,,15:02:58,,,,15:03:42,15:13:59,15:14:41,15:16:01,15:17:15,15:19:00,,,,,,,,,,,15:04:59,,,,,15:07:35,,15:06:00,15:09:00,15:11:03,15:13:00,15:02:00
113306560237424600,,15:40:57,,15:33:58,,,,15:34:42,15:44:59,15:45:41,15:47:01,15:48:15,15:50:00,,,,,,,,,,,15:35:59,,,,,15:38:35,,15:37:00,15:40:00,15:42:03,15:44:00,15:33:00
113306561237424600,,16:10:57,,16:03:58,,,,16:04:42,16:14:59,16:15:41,16:17:01,16:18:15,16:20:00,,,,,,,,,,,16:05:59,,,,,16:08:35,,16:07:00,16:10:00,16:12:03,16:14:00,16:03:00
113306562237424600,,16:40:57,,16:33:58,,,,16:34:42,16:44:59,16:45:41,16:47:01,16:48:15,16:50:00,,,,,,,,,,,16:35:59,,,,,16:38:35,,16:37:00,16:40:00,16:42:03,16:44:00,16:33:00
113306563237424600,,17:10:57,,17:03:58,,,,17:04:42,17:14:59,17:15:41,17:17:01,17:18:15,17:20:00,,,,,,,,,,,17:05:59,,,,,17:08:35,,17:07:00,17:10:00,17:12:03,17:14:00,17:03:00
113306564237424600,,17:40:57,,17:33:58,,,,17:34:42,17:44:59,17:45:41,17:47:01,17:48:15,17:50:00,,,,,,,,,,,17:35:59,,,,,17:38:35,,17:37:00,17:40:00,17:42:03,17:44:00,17:33:00
113306565237424600,,18:11:42,,18:04:58,,,,18:05:42,18:14:59,18:15:41,18:17:01,18:18:15,18:20:00,,,,,,,,,,,18:06:59,,,,,18:09:35,,18:08:00,18:11:00,18:12:32,18:14:00,18:04:00
113306566237424600,,18:41:42,,18:34:58,,,,18:35:42,18:44:59,18:45:41,18:47:01,18:48:15,18:50:00,,,,,,,,,,,18:36:59,,,,,18:39:35,,18:38:00,18:41:00,18:42:32,18:44:00,18:34:00
113306567237424600,,19:11:42,,19:04:58,,,,19:05:42,19:14:59,19:15:41,19:17:01,19:18:15,19:20:00,,,,,,,,,,,19:06:59,,,,,19:09:35,,19:08:00,19:11:00,19:12:32,19:14:00,19:04:00
113306568237424600,,19:41:42,,19:34:58,,,,19:35:42,19:44:59,19:45:41,19:47:01,19:48:15,19:50:00,,,,,,,,,,,19:36:59,,,,,19:39:35,,19:38:00,19:41:00,19:42:32,19:44:00,19:34:00
113306569237424600,,20:13:42,,20:06:58,,,,20:07:42,20:16:49,20:17:24,20:18:31,20:19:32,20:21:00,,,,,,,,,,,20:08:59,,,,,20:11:35,,20:10:00,20:13:00,20:14:32,20:16:00,20:06:00
113306570237424600,,20:44:42,,20:37:58,,,,20:38:42,20:47:49,20:48:24,20:49:31,20:50:32,20:52:00,,,,,,,,,,,20:39:59,,,,,20:42:35,,20:41:00,20:44:00,20:45:32,20:47:00,20:37:00
113306571237424600,,21:14:42,,21:08:43,,,,21:09:17,21:17:49,21:18:24,21:19:31,21:20:32,21:22:00,,,,,,,,,,,21:10:14,,,,,21:12:35,,21:11:00,21:14:00,21:15:32,21:17:00,21:08:00
113306572237424600,,21:44:42,,21:38:43,,,,21:39:17,21:47:49,21:48:24,21:49:31,21:50:32,21:52:00,,,,,,,,,,,21:40:14,,,,,21:42:35,,21:41:00,21:44:00,21:45:32,21:47:00,21:38:00
113306573237424600,,22:14:42,,22:08:43,,,,22:09:17,22:17:49,22:18:24,22:19:31,22:20:32,22:22:00,,,,,,,,,,,22:10:14,,,,,22:12:35,,22:11:00,22:14:00,22:15:32,22:17:00,22:08:00
113306574237424600,,22:44:42,,22:38:43,,,,22:39:17,22:47:49,22:48:24,22:49:31,22:50:32,22:52:00,,,,,,,,,,,22:40:14,,,,,22:42:35,,22:41:00,22:44:00,22:45:32,22:47:00,22:38:00
113306575237424600,,23:14:42,,23:08:43,,,,23:09:17,23:17:49,23:18:24,23:19:31,23:20:32,23:22:00,,,,,,,,,,,23:10:14,,,,,23:12:35,,23:11:00,23:14:00,23:15:32,23:17:00,23:08:00
113306576237424600,,23:44:42,,23:38:43,,,,23:39:17,23:47:49,23:48:24,23:49:31,23:50:32,23:52:00,,,,,,,,,,,23:40:14,,,,,23:42:35,,23:41:00,23:44:00,23:45:32,23:47:00,23:38:00
113306577237424600,,24:14:42,,24:08:43,,,,24:09:17,24:17:49,24:18:24,24:19:31,24:20:32,24:22:00,,,,,,,,,,,24:10:14,,,,,24:12:35,,24:11:00,24:14:00,24:15:32,24:17:00,24:08:00
113306578237424600,,24:55:42,,24:49:43,,,,24:50:17,24:58:49,24:59:24,25:00:31,25:01:32,25:03:00,,,,,,,,,,,24:51:14,,,,,24:53:35,,24:52:00,24:55:00,24:56:32,24:58:00,24:49:00
113306579237424600,,24:35:42,,24:29:43,,,,24:30:17,24:38:49,24:39:24,24:40:31,24:41:32,24:43:00,,,,,,,,,,,24:31:14,,,,,24:33:35,,24:32:00,24:35:00,24:36:32,24:38:00,24:29:00
113306580237424600,,06:11:42,,06:05:42,,,,06:06:15,06:14:49,06:15:24,06:16:31,06:17:32,06:19:00,,,,,,,,,,06:08:00,06:07:11,,06:09:51,06:09:05,,,,,06:11:00,06:12:32,06:14:00,06:05:00
113306581237424600,06:05:28,,06:14:44,,06:12:02,06:11:26,06:12:31,,,,,,06:00:00,06:01:11,06:02:10,06:03:00,06:04:29,06:06:00,06:07:42,06:08:42,06:10:00,06:15:16,,,06:10:47,,,,,,,,,,06:16:00
113306582237424600,05:47:28,,05:56:44,,05:54:02,05:53:26,05:54:31,,,,,,05:42:00,05:43:11,05:44:10,05:45:00,05:46:29,05:48:00,05:49:42,05:50:42,05:52:00,05:57:16,,,05:52:47,,,,,,,,,,05:58:00
113306583237424600,,05:32:42,,05:26:42,,,,05:27:15,05:35:49,05:36:24,05:37:31,05:38:32,05:40:00,,,,,,,,,,05:29:00,05:28:11,,05:30:51,05:30:05,,,,,05:32:00,05:33:32,05:35:00,05:26:00
113306584237424600,05:10:28,,05:19:44,,05:17:02,05:16:26,05:17:31,,,,,,05:05:00,05:06:11,05:07:10,05:08:00,05:09:29,05:11:00,05:12:42,05:13:42,05:15:00,05:20:16,,,05:15:47,,,,,,,,,,05:21:00
113306585237424600,06:33:28,,06:42:44,,06:40:02,06:39:26,06:40:31,,,,,,06:28:00,06:29:11,06:30:10,06:31:00,06:32:29,06:34:00,06:35:42,06:36:42,06:38:00,06:43:16,,,06:38:47,,,,,,,,,,06:44:00
113306586237424600,,06:40:42,,06:34:42,,,,06:35:15,06:43:59,06:44:41,06:46:01,06:47:15,06:49:00,,,,,,,,,,06:37:00,06:36:11,,06:38:51,06:38:05,,,,,06:40:00,06:41:32,06:43:00,06:34:00
